ticker,mes,retorno_mes,amihud_mes,frec_negociacion,monto_mes_millones,dias,amihud_lag,frec_lag
ALICORC1,2018-01,0.03813951665230242,0.02031433160594579,1.0,91.22559442000001,21,,
ALICORC1,2018-02,-0.01433689690142026,0.0031112213990739834,1.0,57.57971873999999,18,0.02031433160594579,1.0
ALICORC1,2018-03,0.022727349154584964,0.009027879513818615,1.0,50.81073143,20,0.0031112213990739834,1.0
ALICORC1,2018-04,0.08836137403976685,0.02099619305891501,1.0,72.39048117,20,0.009027879513818615,1.0
ALICORC1,2018-05,-0.02928866170926736,0.009184431238741495,1.0,54.87760655,21,0.02099619305891501,1.0
ALICORC1,2018-06,-0.04741384034752427,0.005169715664011915,1.0,78.32600385,20,0.009184431238741495,1.0
ALICORC1,2018-07,0.062443316981065866,0.025913218143294784,1.0,37.51671869,21,0.005169715664011915,1.0
ALICORC1,2018-08,-0.05877331616946668,0.024629870599328234,1.0,69.08239732999999,21,0.025913218143294784,1.0
ALICORC1,2018-09,-0.04524882571286937,0.01241569438275631,1.0,62.82479074000001,19,0.024629870599328234,1.0
ALICORC1,2018-10,-0.07582948683623414,0.024798213647578362,1.0,63.82714119999999,22,0.01241569438275631,1.0
ALICORC1,2018-11,0.05641039965167827,0.010723415852264552,1.0,124.15684,20,0.024798213647578362,1.0
ALICORC1,2018-12,-0.03398068498410367,0.016477283375414715,1.0,94.25858391000001,18,0.010723415852264552,1.0
ALICORC1,2019-01,0.06130649865465898,0.016983762093686055,1.0,37.23777804,21,0.016477283375414715,1.0
ALICORC1,2019-02,0.06534108328192212,0.010658510245399733,1.0,69.28349652,19,0.016983762093686055,1.0
ALICORC1,2019-03,-0.03555560206428887,0.01093224252813219,1.0,62.20296362,21,0.010658510245399733,1.0
ALICORC1,2019-04,0.012141070932948361,0.00477999699808501,1.0,44.605194069999996,20,0.01093224252813219,1.0
ALICORC1,2019-05,-0.005607326487335196,0.006594549918843743,1.0,43.72087755,21,0.00477999699808501,1.0
ALICORC1,2019-06,-0.029135655818175676,0.005473425777917,1.0,28.843921889999997,20,0.006594549918843743,1.0
ALICORC1,2019-07,0.02613765675620683,0.008232957635674956,1.0,50.66599997,21,0.005473425777917,1.0
ALICORC1,2019-08,-0.10377359443378842,0.04522789792137551,1.0,41.50866875,21,0.008232957635674956,1.0
ALICORC1,2019-09,-0.021052523970137238,0.014549388287342757,0.95,73.90606775,20,0.04522789792137551,1.0
ALICORC1,2019-10,-0.01075291981903348,0.01787413989691715,1.0,33.245396830000004,22,0.014549388287342757,0.95
ALICORC1,2019-11,-0.04347821027501464,0.0016214812506625896,1.0,31.936966740000003,19,0.01787413989691715,1.0
ALICORC1,2019-12,0.04545449015595926,0.006014536384211285,1.0,64.49474448000001,20,0.0016214812506625896,1.0
ALICORC1,2020-01,-0.01086938632951584,0.002672603554184933,1.0,78.04692290999999,21,0.006014536384211285,1.0
ALICORC1,2020-02,-0.06593414534987341,0.017376087319451526,1.0,30.057148360000003,19,0.002672603554184933,1.0
ALICORC1,2020-03,-0.13529412717273848,0.012756858965593287,1.0,126.74486085999999,22,0.017376087319451526,1.0
ALICORC1,2020-04,-0.06666668747484061,0.005634820694946325,1.0,56.09837641000001,20,0.012756858965593287,1.0
ALICORC1,2020-05,0.13702618251839094,0.009947748183725942,1.0,58.94222913,19,0.005634820694946325,1.0
ALICORC1,2020-06,0.029487242835148697,0.005239884797617814,1.0,141.70091174999996,21,0.009947748183725942,1.0
ALICORC1,2020-07,-0.02864265005746125,0.05348702239330435,1.0,38.3547215,21,0.005239884797617814,1.0
ALICORC1,2020-08,0.060855452785039565,0.012573301308828748,1.0,39.13904171000001,21,0.05348702239330435,1.0
ALICORC1,2020-09,-0.04648259897926177,0.01509734091566515,1.0,23.43783218,21,0.012573301308828748,1.0
ALICORC1,2020-10,-0.07773383978383774,0.021690215213524343,1.0,67.14755397,22,0.01509734091566515,1.0
ALICORC1,2020-11,0.014285640723686654,0.008961093159620055,1.0,40.81857409,20,0.021690215213524343,1.0
ALICORC1,2020-12,0.009859281010904164,0.0292558948283394,1.0,54.64131023,20,0.008961093159620055,1.0
ALICORC1,2021-01,0.1468531554867658,0.008552583868238569,1.0,107.65745531,19,0.0292558948283394,1.0
ALICORC1,2021-02,-0.012194968788171168,0.006516022690739505,1.0,56.833406159999996,19,0.008552583868238569,1.0
ALICORC1,2021-03,-0.05555575737177587,0.01682708709603034,1.0,141.13886682000003,23,0.006516022690739505,1.0
ALICORC1,2021-04,-0.05747348377361006,0.024714220849919415,1.0,41.75048794999999,20,0.01682708709603034,1.0
ALICORC1,2021-05,-0.043478283048508426,0.03160424469145857,1.0,188.0897052,20,0.024714220849919415,1.0
ALICORC1,2021-06,-0.04545456969558059,0.04990340703465417,1.0,44.19598435000001,21,0.03160424469145857,1.0
ALICORC1,2021-07,-0.11904762968948868,0.008030573201929259,1.0,57.774731749999994,19,0.04990340703465417,1.0
ALICORC1,2021-08,0.009209949195672529,0.02349649319157638,1.0,61.59807003999999,21,0.008030573201929259,1.0
ALICORC1,2021-09,0.08559501343855436,0.0036370055622372906,1.0,24.15327129,21,0.02349649319157638,1.0
ALICORC1,2021-10,0.24038471668556283,0.03382358971346792,1.0,56.84716253,20,0.0036370055622372906,1.0
ALICORC1,2021-11,-0.0666666168874821,0.018401276730311743,1.0,37.66114169999999,20,0.03382358971346792,1.0
ALICORC1,2021-12,0.004983440533023575,0.05002271325476236,1.0,70.54512231999999,20,0.018401276730311743,1.0
ALICORC1,2022-01,0.13553700060828633,0.029340543327830003,1.0,41.29510375,20,0.05002271325476236,1.0
ALICORC1,2022-02,-0.10917022684825983,0.014112026377026457,1.0,28.635588750000004,19,0.029340543327830003,1.0
ALICORC1,2022-03,-0.09313724236476173,0.015689911461052954,1.0,50.95656188,23,0.014112026377026457,1.0
ALICORC1,2022-04,-0.025387652837739916,0.01953479299109045,1.0,112.59281471999999,19,0.015689911461052954,1.0
ALICORC1,2022-05,-0.013671513284421732,0.044596760208197174,1.0,46.63015089999999,21,0.01953479299109045,1.0
ALICORC1,2022-06,0.019801803676365637,0.016046133257912785,1.0,37.468426550000004,20,0.044596760208197174,1.0
ALICORC1,2022-07,0.029126290938930044,0.16825796839237311,1.0,70.83418565000001,18,0.016046133257912785,1.0
ALICORC1,2022-08,0.018867758180981742,0.03923820771463325,1.0,127.28941874999998,22,0.16825796839237311,1.0
ALICORC1,2022-09,0.05555549692992834,0.06799880896437828,1.0,44.72560144,21,0.03923820771463325,1.0
ALICORC1,2022-10,0.10526335257730146,0.07060723412580147,1.0,22.536544249999995,21,0.06799880896437828,1.0
ALICORC1,2022-11,0.06349195868381297,0.060081062209865796,1.0,472.18354559,20,0.07060723412580147,1.0
ALICORC1,2022-12,0.0074627919287373334,0.11745028164376975,1.0,25.746804409999996,19,0.060081062209865796,1.0
ALICORC1,2023-01,-0.08148161030150969,0.050377711271475153,1.0,5.53299491,20,0.11745028164376975,1.0
ALICORC1,2023-02,0.032258153461150574,0.09169970315764682,1.0,4.6781654900000005,19,0.050377711271475153,1.0
ALICORC1,2023-03,0.015624952698740424,0.09058299699535823,1.0,30.72905402,23,0.09169970315764682,1.0
ALICORC1,2023-04,0.03705387251287351,0.11626240409582933,1.0,3.48720438,18,0.09058299699535823,1.0
ALICORC1,2023-05,-0.03276130702352131,0.037757168320660416,1.0,35.30608728,21,0.11626240409582933,1.0
ALICORC1,2023-06,0.009677493220913158,0.03477978689440596,1.0,15.988705739999999,19,0.037757168320660416,1.0
ALICORC1,2023-07,0.13418519261661577,0.02652296504967382,1.0,13.115327290000002,19,0.03477978689440596,1.0
ALICORC1,2023-08,-0.10563377218137959,0.0813915291972724,1.0,39.78548033,22,0.02652296504967382,1.0
ALICORC1,2023-09,-0.023622056651019463,0.025182659332089713,1.0,9.08657097,20,0.0813915291972724,1.0
ALICORC1,2023-10,-0.0645160388141518,0.04971165494991258,1.0,9.189275109999999,22,0.025182659332089713,1.0
ALICORC1,2023-11,-0.003448364133799009,0.1861855006455758,1.0,17.501765990000003,20,0.04971165494991258,1.0
ALICORC1,2023-12,0.08996545890975294,0.06183451940634916,1.0,15.013154539999999,19,0.1861855006455758,1.0
ALICORC1,2024-01,0.03174598532712625,0.04559629641631352,1.0,4.23904076,21,0.06183451940634916,1.0
ALICORC1,2024-02,0.0,0.06483941835466986,1.0,24.657528160000005,20,0.04559629641631352,1.0
ALICORC1,2024-03,-0.030769187162923872,0.08868706554078527,1.0,23.714209569999998,19,0.06483941835466986,1.0
ALICORC1,2024-04,-0.041269952948266964,0.05697191970460207,1.0,12.409211789999999,22,0.08868706554078527,1.0
ALICORC1,2024-05,0.02649012029121578,0.048679008221616395,1.0,424.7946161600001,21,0.05697191970460207,1.0
ALICORC1,2024-06,0.02258070098374354,0.06251770251036219,1.0,189.21973391,18,0.048679008221616395,1.0
ALICORC1,2024-07,0.04889595621260168,0.062180903525624796,1.0,8.32903915,20,0.06251770251036219,1.0
ALICORC1,2024-08,-0.01052642214829036,0.08547784251791282,1.0,119.47532067,20,0.062180903525624796,1.0
ALICORC1,2024-09,0.02583587126756548,0.1108390507076634,1.0,252.96049484000002,20,0.08547784251791282,1.0
ALICORC1,2024-10,-0.0370370251440878,0.05355641003810041,1.0,5.47449343,22,0.1108390507076634,1.0
ALICORC1,2024-11,0.007692338473230365,0.027919058943607935,1.0,120.99002792000002,19,0.05355641003810041,1.0
ALICORC1,2024-12,0.061068613877809375,0.004087710976360879,1.0,71.03355872,19,0.027919058943607935,1.0
ALICORC1,2025-01,0.001449233933717542,0.022459784528676523,1.0,23.85886398,20,0.004087710976360879,1.0
ALICORC1,2025-02,0.15774236951812926,0.024820372600311353,1.0,20.9373589,19,0.022459784528676523,1.0
ALICORC1,2025-03,0.06250004656716679,0.0073988225618113815,1.0,414.75592692,21,0.024820372600311353,1.0
ALICORC1,2025-04,0.019343189377158287,0.03289539522205431,1.0,8.34593169,20,0.0073988225618113815,1.0
ALICORC1,2025-05,0.04993904853677744,0.056052885079332135,1.0,11.53681922,20,0.03289539522205431,1.0
ALICORC1,2025-06,0.10788867904680699,0.08345685293298687,1.0,7.4995635300000005,20,0.056052885079332135,1.0
ALICORC1,2025-07,4.440892098500626e-16,0.10489409299532877,1.0,8.104463409999997,19,0.08345685293298687,1.0
ALICORC1,2025-08,-0.06806292968776839,0.07996254196916788,1.0,11.162705789999999,20,0.10489409299532877,1.0
ALICORC1,2025-09,-0.022471831029793332,0.1843410299944103,1.0,28.06339986,21,0.07996254196916788,1.0
ALICORC1,2025-10,0.05747123451982761,0.06388413131232965,1.0,12.86397517,22,0.1843410299944103,1.0
ALICORC1,2025-11,0.05300969556017021,0.1381458144688362,1.0,5.9163625600000005,19,0.06388413131232965,1.0
ALICORC1,2025-12,0.15053768569949755,0.044708574212030124,1.0,14.72141192,19,0.1381458144688362,1.0
ATACOBC1,2018-01,-5.551115123125783e-16,0.06312754106525333,1.0,7.069488430000001,21,,
ATACOBC1,2018-02,-0.042857102715238016,0.10466161784751662,1.0,4.46444746,18,0.06312754106525333,1.0
ATACOBC1,2018-03,-0.10447759866236461,0.11151858178935554,1.0,3.66371632,20,0.10466161784751662,1.0
ATACOBC1,2018-04,-0.050000049670534286,0.2840713569341209,1.0,2.4809976199999997,20,0.11151858178935554,1.0
ATACOBC1,2018-05,-0.035087686276281116,0.3885108279452839,1.0,2.6290088799999998,21,0.2840713569341209,1.0
ATACOBC1,2018-06,-0.290909132287521,1.051051989790445,1.0,1.4613644309999998,20,0.3885108279452839,1.0
ATACOBC1,2018-07,0.14102566453832277,0.5884860625742986,0.9523809523809523,1.4567854399999998,21,1.051051989790445,1.0
ATACOBC1,2018-08,-0.1235955236777112,0.35007674521094617,1.0,1.9364354799999999,21,0.5884860625742986,0.9523809523809523
ATACOBC1,2018-09,0.1487180263097969,0.28334419927439247,1.0,1.197589903,19,0.35007674521094617,1.0
ATACOBC1,2018-10,-0.1294643445159004,0.8168551749500362,1.0,0.8704853739999999,22,0.28334419927439247,1.0
ATACOBC1,2018-11,-0.08974358386541925,0.653088171260217,1.0,0.868707578,20,0.8168551749500362,1.0
ATACOBC1,2018-12,-0.09295772779699607,0.5873386587156934,0.8888888888888888,0.38697980499999995,18,0.653088171260217,1.0
ATACOBC1,2019-01,-0.009316742880089879,0.7229120051583807,1.0,0.516595028,21,0.5873386587156934,0.8888888888888888
ATACOBC1,2019-02,-0.012539210139440704,1.0262657240370912,1.0,1.003173673,19,0.7229120051583807,1.0
ATACOBC1,2019-03,-0.003174562326873853,0.5111604287157723,1.0,0.727724597,21,1.0262657240370912,1.0
ATACOBC1,2019-04,-0.13694271082674636,0.7761329474270696,0.95,0.38228981900000003,20,0.5111604287157723,1.0
ATACOBC1,2019-05,-0.26199260308551886,0.9884684748599077,0.8095238095238095,0.7979601799999999,21,0.7761329474270696,0.95
ATACOBC1,2019-06,0.02499997578561297,0.4976795286396313,1.0,0.547459699,20,0.9884684748599077,0.8095238095238095
ATACOBC1,2019-07,-0.07317073525310147,0.5241214151959701,0.8095238095238095,0.27045644300000005,21,0.4976795286396313,1.0
ATACOBC1,2019-08,-0.06315786666817269,1.378511160685973,0.47619047619047616,0.46256152599999995,21,0.5241214151959701,0.8095238095238095
ATACOBC1,2019-09,0.03932583799357414,0.9948618732725028,0.75,0.5720240110000001,20,1.378511160685973,0.47619047619047616
ATACOBC1,2019-10,2.220446049250313e-16,0.7380997516020933,0.7727272727272727,0.166683099,22,0.9948618732725028,0.75
ATACOBC1,2019-11,-0.32432433303208796,0.900039591505255,0.6842105263157895,0.34650567,19,0.7380997516020933,0.7727272727272727
ATACOBC1,2019-12,0.3200000524520872,0.6453771394161112,1.0,1.715721282,20,0.900039591505255,0.6842105263157895
ATACOBC1,2020-01,1.1102230246251565e-15,0.710308820153091,1.0,1.497128212,21,0.6453771394161112,1.0
ATACOBC1,2020-02,-0.1515151816185062,0.8232526154205129,0.7894736842105263,0.928845217,19,0.710308820153091,1.0
ATACOBC1,2020-03,-0.28571427811165206,0.6412309908473899,0.9090909090909091,1.0995190820000003,22,0.8232526154205129,0.7894736842105263
ATACOBC1,2020-04,0.09999997764825808,0.6790687320720205,0.8,0.256709339,20,0.6412309908473899,0.9090909090909091
ATACOBC1,2020-05,0.036363642521141326,1.3601327555996756,0.6842105263157895,0.562213415,19,0.6790687320720205,0.8
ATACOBC1,2020-06,0.1491227823657315,0.9452576647603256,0.6666666666666666,0.36435786200000003,21,1.3601327555996756,0.6842105263157895
ATACOBC1,2020-07,0.022900810247813874,1.4753424747724722,0.7142857142857143,0.48871098299999993,21,0.9452576647603256,0.6666666666666666
ATACOBC1,2020-08,-0.0074627015048395196,0.3945372477492794,0.6666666666666666,0.41074216,21,1.4753424747724722,0.7142857142857143
ATACOBC1,2020-09,-0.037593948739333416,0.7109935279032719,0.5714285714285714,0.18239402600000001,21,0.3945372477492794,0.6666666666666666
ATACOBC1,2020-10,-0.023437546384227237,0.4231205614068426,0.4090909090909091,0.104549238,22,0.7109935279032719,0.5714285714285714
ATACOBC1,2020-11,0.15999996662139826,0.40085164082956426,0.5,0.27748963299999996,20,0.4231205614068426,0.4090909090909091
ATACOBC1,2020-12,-0.04827585852528793,0.5677317571334085,0.7,1.211748435,20,0.40085164082956426,0.5
ATACOBC1,2021-01,0.050724633768860716,0.5781865669250609,0.9473684210526315,0.9498074869999998,19,0.5677317571334085,0.7
ATACOBC1,2021-02,0.16551727327240373,0.604347916624395,1.0,1.042047153,19,0.5781865669250609,0.9473684210526315
ATACOBC1,2021-03,-0.12426034250803975,0.7705782156115373,0.8260869565217391,0.40141838799999996,23,0.604347916624395,1.0
ATACOBC1,2021-04,-0.14864864592747262,1.5581712567817547,0.55,0.24815632699999998,20,0.7705782156115373,0.8260869565217391
ATACOBC1,2021-05,-0.16666670608772693,0.5183294223749965,0.75,0.46119287400000003,20,1.5581712567817547,0.55
ATACOBC1,2021-06,-0.04761900369272065,1.1250538182822811,0.7142857142857143,0.622985393,21,0.5183294223749965,0.75
ATACOBC1,2021-07,-0.09000003203749596,0.5879250664081788,0.5263157894736842,0.09180682000000001,19,1.1250538182822811,0.7142857142857143
ATACOBC1,2021-08,-0.010988951607496245,0.3436101127646391,0.6190476190476191,0.186134646,21,0.5879250664081788,0.5263157894736842
ATACOBC1,2021-09,0.3444443837360134,0.2033475333924278,0.8095238095238095,0.474433851,21,0.3436101127646391,0.6190476190476191
ATACOBC1,2021-10,0.1983470794493587,0.655321284240883,0.95,1.2923667659999998,20,0.2033475333924278,0.8095238095238095
ATACOBC1,2021-11,-0.04827585852528793,0.3564645297727194,0.75,0.21926193500000002,20,0.655321284240883,0.95
ATACOBC1,2021-12,-0.13043478026131705,0.7605868326877611,0.7,0.123077064,20,0.3564645297727194,0.75
ATACOBC1,2022-01,0.14999999689559185,0.920302272870271,0.7,0.442670899,20,0.7605868326877611,0.7
ATACOBC1,2022-02,-0.0289854587338787,1.101020601755965,0.3157894736842105,0.076382694,19,0.920302272870271,0.7
ATACOBC1,2022-03,-0.06716420234086118,1.4054646609188477,0.7391304347826086,0.342850578,23,1.101020601755965,0.3157894736842105
ATACOBC1,2022-04,-0.10399997234344427,0.9077413847867223,0.7368421052631579,0.353998804,19,1.4054646609188477,0.7391304347826086
ATACOBC1,2022-05,-0.10714287139779421,0.09189776702970277,0.6190476190476191,0.167217106,21,0.9077413847867223,0.7368421052631579
ATACOBC1,2022-06,-0.09999997764825941,0.9375696203380611,0.4,0.04426471,20,0.09189776702970277,0.6190476190476191
ATACOBC1,2022-07,-0.03333339956071302,0.3404865001801955,0.4444444444444444,0.039492726000000006,18,0.9375696203380611,0.4
ATACOBC1,2022-08,-0.04597702035344542,0.2528677469773346,0.4090909090909091,0.134579883,22,0.3404865001801955,0.4444444444444444
ATACOBC1,2022-09,0.0,0.0,0.47619047619047616,0.027361018000000004,21,0.2528677469773346,0.4090909090909091
ATACOBC1,2022-10,-0.09638547186997304,0.8027305691475315,0.38095238095238093,0.035169561,21,0.0,0.47619047619047616
ATACOBC1,2022-11,-0.040000079472856886,1.1693545826642122,0.5,0.206344817,20,0.8027305691475315,0.38095238095238093
ATACOBC1,2022-12,0.0,0.0,0.3684210526315789,0.029898720999999996,19,1.1693545826642122,0.5
ATACOBC1,2023-01,0.027777835266828976,0.12101100975320618,0.55,0.044242304999999996,20,0.0,0.3684210526315789
ATACOBC1,2023-02,0.0,0.0,0.3684210526315789,0.022804257999999997,19,0.12101100975320618,0.55
ATACOBC1,2023-03,-0.027027081450552215,0.2880756723059394,0.5217391304347826,0.024068739999999998,23,0.0,0.3684210526315789
ATACOBC1,2023-04,0.0,0.0,0.4444444444444444,0.003178766,18,0.2880756723059394,0.5217391304347826
ATACOBC1,2023-05,-0.13888886589326854,0.26591600520548253,0.6190476190476191,0.053632141,21,0.0,0.4444444444444444
ATACOBC1,2023-06,0.0,0.0,0.3,0.00802836,20,0.26591600520548253,0.6190476190476191
ATACOBC1,2023-07,0.0,0.0,0.3684210526315789,0.0076276140000000004,19,0.0,0.3
ATACOBC1,2023-08,-0.3548387135538922,0.5243941328564365,0.5909090909090909,0.035813105,22,0.0,0.3684210526315789
ATACOBC1,2023-09,0.3750000232830639,0.628528739576595,0.55,0.029761409999999995,20,0.5243941328564365,0.5909090909090909
ATACOBC1,2023-10,-0.07272728504228232,0.6913816135342545,0.45454545454545453,0.04200354099999999,22,0.628528739576595,0.55
ATACOBC1,2023-11,0.0,0.0,0.4,0.016567478,20,0.6913816135342545,0.45454545454545453
ATACOBC1,2023-12,-0.15686270069819097,0.777962197613931,0.5789473684210527,0.072186443,19,0.0,0.4
ATACOBC1,2024-01,-0.023255860292956676,1.0528125634580658,0.6190476190476191,0.11435014799999998,21,0.777962197613931,0.5789473684210527
ATACOBC1,2024-02,0.0,0.0,0.75,0.04039847199999999,20,1.0528125634580658,0.6190476190476191
ATACOBC1,2024-03,0.0,0.0,0.42105263157894735,0.01044175,19,0.0,0.75
ATACOBC1,2024-04,0.07142862844832254,0.2880756723059394,0.5454545454545454,0.017192899,22,0.0,0.42105263157894735
ATACOBC1,2024-05,0.15555553347976292,0.6634846570560536,0.8095238095238095,0.101856448,21,0.2880756723059394,0.5454545454545454
ATACOBC1,2024-06,-0.03846154397232393,0.10336433638802353,0.9444444444444444,0.058467161,18,0.6634846570560536,0.8095238095238095
ATACOBC1,2024-07,-0.060000046193599554,0.17371589653720693,0.75,0.057808294,20,0.10336433638802353,0.9444444444444444
ATACOBC1,2024-08,0.0,0.0,0.6,0.015970631,20,0.17371589653720693,0.75
ATACOBC1,2024-09,0.0,0.0,0.55,0.007424704,20,0.0,0.6
ATACOBC1,2024-10,-0.23404255993714795,0.45204877799917814,0.8181818181818182,0.09848872,22,0.0,0.55
ATACOBC1,2024-11,0.05258340614896406,1.4637756950499687,0.8947368421052632,0.47200818200000005,19,0.45204877799917814,0.8181818181818182
ATACOBC1,2024-12,-0.10273662789125926,0.6363588124512393,0.9473684210526315,0.261332414,19,1.4637756950499687,0.8947368421052632
ATACOBC1,2025-01,0.32352939242929235,1.255710041158423,0.65,0.12485552099999998,20,0.6363588124512393,0.9473684210526315
ATACOBC1,2025-02,0.022222183589583278,0.729752678264394,0.6842105263157895,0.15421122799999998,19,1.255710041158423,0.65
ATACOBC1,2025-03,0.19565216511037287,0.7078864680825017,0.5238095238095238,0.083609701,21,0.729752678264394,0.6842105263157895
ATACOBC1,2025-04,0.0,0.0,0.2,0.0070695,20,0.7078864680825017,0.5238095238095238
ATACOBC1,2025-05,2.220446049250313e-16,1.0793252756451355,0.5,0.102339991,20,0.0,0.2
ATACOBC1,2025-06,-0.07272728504228232,0.16412444932794173,0.65,0.070683164,20,1.0793252756451355,0.5
ATACOBC1,2025-07,0.21568627737431134,0.2184412502582518,0.8421052631578947,0.44468475900000004,19,0.16412444932794173,0.65
ATACOBC1,2025-08,0.06451614066167632,0.17538920434472274,0.95,0.7974413399999999,20,0.2184412502582518,0.8421052631578947
ATACOBC1,2025-09,0.030303091878076893,1.1879784855035946,1.0,0.9047948379999999,21,0.17538920434472274,0.95
ATACOBC1,2025-10,0.8088234810732269,1.056338709193707,1.0,1.3339547659999997,22,1.1879784855035946,1.0
ATACOBC1,2025-11,0.04065042718781009,0.6361417910258684,1.0,0.360078348,19,1.056338709193707,1.0
ATACOBC1,2025-12,0.3671874117790188,0.4022808537358688,1.0,1.7155103749999998,19,0.6361417910258684,1.0
AUSTRAC1,2018-01,0.03333334849236591,0.9863454286179674,0.38095238095238093,0.06860632000000001,21,,
AUSTRAC1,2018-02,-0.07096770715331258,0.4190346430875808,0.21052631578947367,0.04796558,19,0.9863454286179674,0.38095238095238093
AUSTRAC1,2018-03,0.0,,0.0,0.0,20,0.4190346430875808,0.21052631578947367
AUSTRAC1,2018-04,-0.09722239164282565,2.431847701812029,0.2,0.08881633,20,,0.0
AUSTRAC1,2018-05,0.0,0.0,0.14285714285714285,0.0533574,21,2.431847701812029,0.2
AUSTRAC1,2018-06,0.0,0.0,0.2,0.01699928,20,0.0,0.14285714285714285
AUSTRAC1,2018-07,0.0,1.243720160311566,0.42857142857142855,0.18993417999999998,21,0.0,0.2
AUSTRAC1,2018-08,-0.03846149557447642,0.5104536486524658,0.5454545454545454,0.2090646,22,1.243720160311566,0.42857142857142855
AUSTRAC1,2018-09,0.0,0.0,0.21052631578947367,0.06164036999999999,19,0.5104536486524658,0.5454545454545454
AUSTRAC1,2018-10,-0.160000087316036,1.4330312690616436,0.5909090909090909,0.13051669999999999,22,0.0,0.21052631578947367
AUSTRAC1,2018-11,0.09523831952994888,0.7476332698412639,0.35,0.06303658,20,1.4330312690616436,0.5909090909090909
AUSTRAC1,2018-12,0.026086849491519182,0.4695166527112716,0.3888888888888889,0.18790510000000002,18,0.7476332698412639,0.35
AUSTRAC1,2019-01,0.1016948699371738,0.8990377562262455,0.38095238095238093,0.10117726999999999,21,0.4695166527112716,0.3888888888888889
AUSTRAC1,2019-02,-0.12307691702227885,1.174077135265104,0.3157894736842105,0.23406292,19,0.8990377562262455,0.38095238095238093
AUSTRAC1,2019-03,0.27192981865630905,0.9424316658539998,0.42857142857142855,0.10364444,21,1.174077135265104,0.3157894736842105
AUSTRAC1,2019-04,0.03448289651202763,0.31467408998419677,0.6,0.38223834999999995,20,0.9424316658539998,0.42857142857142855
AUSTRAC1,2019-05,-0.07588081180258033,0.6273749505642825,0.42857142857142855,0.33050102000000003,21,0.31467408998419677,0.6
AUSTRAC1,2019-06,0.11818177568115806,1.5099712819650382,0.35,0.09443958999999999,20,0.6273749505642825,0.42857142857142855
AUSTRAC1,2019-07,0.0,0.0,0.2857142857142857,0.1556805,21,1.5099712819650382,0.35
AUSTRAC1,2019-08,-0.05691055926603472,0.8903318930038969,0.23809523809523808,0.03486843,21,0.0,0.2857142857142857
AUSTRAC1,2019-09,-0.03448281896450056,1.1045988634258481,0.2,0.040331,20,0.8903318930038969,0.23809523809523808
AUSTRAC1,2019-10,-0.017857054391365867,0.978408060427978,0.36363636363636365,0.69814564,22,1.1045988634258481,0.2
AUSTRAC1,2019-11,-0.0636363502151025,0.4382635326851256,0.5789473684210527,1.1184166,19,0.978408060427978,0.36363636363636365
AUSTRAC1,2019-12,0.0,0.0,0.3,0.80449077,20,0.4382635326851256,0.5789473684210527
AUSTRAC1,2020-01,0.019417311810353555,0.3998124929167574,0.5714285714285714,2.3435843700000003,21,0.0,0.3
AUSTRAC1,2020-02,-0.04761894328216898,0.33248808324374457,0.3684210526315789,0.06803427000000001,19,0.3998124929167574,0.5714285714285714
AUSTRAC1,2020-03,0.010000017593037258,0.06600671678572446,0.2727272727272727,0.07747,22,0.33248808324374457,0.3684210526315789
AUSTRAC1,2020-04,-0.05940591008122553,0.38518779054891555,0.15,0.09259284,20,0.06600671678572446,0.2727272727272727
AUSTRAC1,2020-05,-0.042105263907651014,1.3392022086642301,0.10526315789473684,0.05283,19,0.38518779054891555,0.15
AUSTRAC1,2020-06,0.0,,0.0,0.0,21,1.3392022086642301,0.10526315789473684
AUSTRAC1,2020-07,0.0,0.0,0.09523809523809523,0.007977,21,,0.0
AUSTRAC1,2020-08,0.0,0.0,0.047619047619047616,0.008218399999999999,21,0.0,0.09523809523809523
AUSTRAC1,2020-09,-0.010989029782720205,0.8140022061274227,0.14285714285714285,0.00481743,21,0.0,0.047619047619047616
AUSTRAC1,2020-10,0.055555576439976884,1.1523026892237576,0.13636363636363635,0.009799720000000001,22,0.8140022061274227,0.14285714285714285
AUSTRAC1,2020-11,0.0,0.0,0.05,0.0095,20,1.1523026892237576,0.13636363636363635
AUSTRAC1,2020-12,0.0,0.0,0.05,0.0045315,20,0.0,0.05
AUSTRAC1,2021-01,-0.052631597691280674,1.0786773954346995,0.47368421052631576,0.05988965000000001,19,0.0,0.05
AUSTRAC1,2021-02,0.03333331579041965,0.5761513446118788,0.3157894736842105,0.078642,19,1.0786773954346995,0.47368421052631576
AUSTRAC1,2021-03,0.11827941263994979,1.295200568495513,0.17391304347826086,0.12678419999999999,23,0.5761513446118788,0.3157894736842105
AUSTRAC1,2021-04,-0.01923061032686668,0.42264465760901987,0.25,0.05169882,20,1.295200568495513,0.17391304347826086
AUSTRAC1,2021-05,-0.06862743667203441,0.5761513446118788,0.3,0.09046614,20,0.42264465760901987,0.25
AUSTRAC1,2021-06,-0.010526333783629438,0.35663144679595604,0.19047619047619047,0.020944,21,0.5761513446118788,0.3
AUSTRAC1,2021-07,-0.11702140678066142,1.421694002257498,0.3157894736842105,0.05829658,19,0.35663144679595604,0.19047619047619047
AUSTRAC1,2021-08,0.0,0.0,0.19047619047619047,0.0269366,21,1.421694002257498,0.3157894736842105
AUSTRAC1,2021-09,0.6231885712096195,0.4938440096673247,0.3333333333333333,0.13370422,21,0.0,0.19047619047619047
AUSTRAC1,2021-10,0.07440480794439885,0.8700628490366131,0.65,0.56480562,20,0.4938440096673247,0.3333333333333333
AUSTRAC1,2021-11,0.05263154942303183,0.4020372578316561,0.5,0.40365904999999996,20,0.8700628490366131,0.65
AUSTRAC1,2021-12,-0.029999966248761223,0.4164917573177459,0.4,0.10530317,20,0.4020372578316561,0.5
AUSTRAC1,2022-01,0.1340206157247621,0.5936799139139782,0.65,0.24608892,20,0.4164917573177459,0.4
AUSTRAC1,2022-02,0.0636363438172376,0.48822188328207744,0.631578947368421,0.31865992000000004,19,0.5936799139139782,0.65
AUSTRAC1,2022-03,0.3076922609761743,1.198109456428767,0.4782608695652174,0.24199862000000003,23,0.48822188328207744,0.631578947368421
AUSTRAC1,2022-04,0.013071958408998663,0.6446576329140803,0.5789473684210527,0.36916531,19,1.198109456428767,0.4782608695652174
AUSTRAC1,2022-05,0.09677425269946904,1.073285830301904,0.47619047619047616,0.13195948000000002,21,0.6446576329140803,0.5789473684210527
AUSTRAC1,2022-06,-0.07668855446488043,0.5919904138927479,0.8,0.5686304799999999,20,1.073285830301904,0.47619047619047616
AUSTRAC1,2022-07,-0.04615368597195868,0.6566896545468888,0.2777777777777778,0.10422192000000001,18,0.5919904138927479,0.8
AUSTRAC1,2022-08,0.0483869207158274,0.7030350762788995,0.5,0.05360822999999999,22,0.6566896545468888,0.2777777777777778
AUSTRAC1,2022-09,-0.10000001131719838,1.0584501017331582,0.23809523809523808,0.25966146,21,0.7030350762788995,0.5
AUSTRAC1,2022-10,0.0,0.0,0.047619047619047616,0.000224,21,1.0584501017331582,0.23809523809523808
AUSTRAC1,2022-11,0.43589750038289843,1.3737253742068052,0.45,0.25599364999999996,20,0.0,0.047619047619047616
AUSTRAC1,2022-12,-0.005952374697126839,1.127537769823673,0.2631578947368421,0.050497099999999996,19,1.3737253742068052,0.45
AUSTRAC1,2023-01,0.017964140963062203,0.201676684892669,0.3,0.021148959999999998,20,1.127537769823673,0.2631578947368421
AUSTRAC1,2023-02,0.0,0.0,0.10526315789473684,0.0044805,19,0.201676684892669,0.3
AUSTRAC1,2023-03,-0.06470589609804922,1.7284540338356364,0.17391304347826086,0.021064819999999998,23,0.0,0.10526315789473684
AUSTRAC1,2023-04,0.05660371073396875,1.067244461566146,0.2222222222222222,0.05044004,18,1.7284540338356364,0.17391304347826086
AUSTRAC1,2023-05,-0.05357137227414144,1.5893976397024772,0.19047619047619047,0.02337069,21,1.067244461566146,0.2222222222222222
AUSTRAC1,2023-06,-0.08805030922783064,1.1523026892237576,0.15789473684210525,0.014124,19,1.5893976397024772,0.19047619047619047
AUSTRAC1,2023-07,0.0,,0.0,0.0,19,1.1523026892237576,0.15789473684210525
AUSTRAC1,2023-08,-0.04137936562550215,1.5038052024717643,0.09090909090909091,0.014790459999999998,22,,0.0
AUSTRAC1,2023-09,-0.1366905557249063,2.3355319922022737,0.25,0.03739597,20,1.5038052024717643,0.09090909090909091
AUSTRAC1,2023-10,0.04166655683484266,0.4497259389872488,0.3181818181818182,0.07791182,22,2.3355319922022737,0.25
AUSTRAC1,2023-11,0.0,0.0,0.15,0.04816838,20,0.4497259389872488,0.3181818181818182
AUSTRAC1,2023-12,0.0,0.0,0.15789473684210525,0.04021375,19,0.0,0.15
AUSTRAC1,2024-01,-0.03999989877898025,1.1523026892237576,0.14285714285714285,0.10058209000000001,21,0.0,0.15789473684210525
AUSTRAC1,2024-02,-0.04166667943780866,0.8642270169178182,0.2,0.013546,20,1.1523026892237576,0.14285714285714285
AUSTRAC1,2024-03,-0.04347827477538402,1.7284540338356364,0.10526315789473684,0.04543035,19,0.8642270169178182,0.2
AUSTRAC1,2024-04,2.220446049250313e-16,0.6040178164785279,0.3181818181818182,0.06533051,22,1.7284540338356364,0.10526315789473684
AUSTRAC1,2024-05,0.054545325660348976,0.5669522546122219,0.38095238095238093,0.043341029999999996,21,0.6040178164785279,0.3181818181818182
AUSTRAC1,2024-06,0.0,0.0,0.2222222222222222,0.025339490000000003,18,0.5669522546122219,0.38095238095238093
AUSTRAC1,2024-07,0.0862069359129678,0.8274307782020675,0.25,0.0867597,20,0.0,0.2222222222222222
AUSTRAC1,2024-08,0.03174599838467662,0.4938440096673247,0.35,0.3896328,20,0.8274307782020675,0.25
AUSTRAC1,2024-09,0.0,0.0,0.15,0.0578064,20,0.4938440096673247,0.35
AUSTRAC1,2024-10,0.0,0.11283915984870257,0.4090909090909091,0.35977252000000004,22,0.0,0.15
AUSTRAC1,2024-11,0.03846161245860591,0.1880025871225553,0.21052631578947367,0.15665923999999998,19,0.11283915984870257,0.4090909090909091
AUSTRAC1,2024-12,0.0,0.0,0.10526315789473684,0.03705136999999999,19,0.1880025871225553,0.21052631578947367
AUSTRAC1,2025-01,0.014814798669566809,0.8757926583358561,0.3,0.09729828,20,0.0,0.10526315789473684
AUSTRAC1,2025-02,0.0,0.0,0.10526315789473684,0.04463846,19,0.8757926583358561,0.3
AUSTRAC1,2025-03,0.02189778670303566,0.08517775439034826,0.3333333333333333,0.08141522,21,0.0,0.10526315789473684
AUSTRAC1,2025-04,0.15714290218068716,0.33085475934350433,0.55,0.18551710000000002,20,0.08517775439034826,0.3333333333333333
AUSTRAC1,2025-05,0.08965519684043977,1.0067439959431745,0.35,0.17627457000000002,20,0.33085475934350433,0.55
AUSTRAC1,2025-06,0.012658231013090937,1.382763227068509,0.25,0.04500716,20,1.0067439959431745,0.35
AUSTRAC1,2025-07,0.031250007715899475,0.8840153541449921,0.42105263157894735,0.13796198,19,1.382763227068509,0.25
AUSTRAC1,2025-08,0.0606060751167683,0.3882552204837838,0.4,0.09421704,20,0.8840153541449921,0.42105263157894735
AUSTRAC1,2025-09,0.08571422981548649,0.0,0.47619047619047616,0.11162425,21,0.3882552204837838,0.4
AUSTRAC1,2025-10,0.0755813913193184,1.382763227068509,0.22727272727272727,0.049255349999999996,22,0.0,0.47619047619047616
AUSTRAC1,2025-11,-0.15135133393582345,0.5783217288802802,0.3684210526315789,0.057845440000000005,19,1.382763227068509,0.22727272727272727
AUSTRAC1,2025-12,0.04458594325106513,0.6517536169372814,0.3684210526315789,0.10459254999999999,19,0.5783217288802802,0.3684210526315789
BACKUSI1,2018-01,0.035425898881769724,0.05231859195304059,0.7142857142857143,3.56394915,21,,
BACKUSI1,2018-02,0.10810792571846828,0.1012070729694733,0.8333333333333334,0.78569873,18,0.05231859195304059,0.7142857142857143
BACKUSI1,2018-03,-0.018360076844880835,0.3486534952487602,0.7,1.02423863,20,0.1012070729694733,0.8333333333333334
BACKUSI1,2018-04,0.015075492441904759,0.09118960887326942,0.9,0.87505253,20,0.3486534952487602,0.7
BACKUSI1,2018-05,0.03960390633785771,0.2677540753316097,0.9047619047619048,35.67340991,21,0.09118960887326942,0.9
BACKUSI1,2018-06,0.023809286784314265,0.2438584014280038,0.8,6.98791785,20,0.2677540753316097,0.9047619047619048
BACKUSI1,2018-07,-0.007904325799803713,0.13150153896027222,0.8571428571428571,1.7724098000000001,21,0.2438584014280038,0.8
BACKUSI1,2018-08,0.06542550272858039,0.08026184572811057,0.6666666666666666,8.23932771,21,0.13150153896027222,0.8571428571428571
BACKUSI1,2018-09,0.02179809512220099,0.07747846339438233,0.6842105263157895,4.59286778,19,0.08026184572811057,0.6666666666666666
BACKUSI1,2018-10,-0.07565799594032407,0.506150596269517,0.8636363636363636,7.116022979999999,22,0.07747846339438233,0.6842105263157895
BACKUSI1,2018-11,0.0731705671014018,0.3570155954038678,0.85,1.2928591999999999,20,0.506150596269517,0.8636363636363636
BACKUSI1,2018-12,-0.05318313737854563,0.11175999785958103,0.7777777777777778,3.9638630600000004,18,0.3570155954038678,0.85
BACKUSI1,2019-01,-0.012165305963332096,0.03593328565692762,0.8571428571428571,4.17642672,21,0.11175999785958103,0.7777777777777778
BACKUSI1,2019-02,6.661338147750939e-16,0.07415794143378837,0.8947368421052632,9.529717949999998,19,0.03593328565692762,0.8571428571428571
BACKUSI1,2019-03,0.09605918349617681,0.09012488803194496,0.8095238095238095,5.67762767,21,0.07415794143378837,0.8947368421052632
BACKUSI1,2019-04,-0.011236098391984362,0.21030811751947875,0.85,0.5626131999999999,20,0.09012488803194496,0.8095238095238095
BACKUSI1,2019-05,0.020454654251841342,0.2264752233415831,0.7619047619047619,0.88583349,21,0.21030811751947875,0.85
BACKUSI1,2019-06,-0.015590082117498127,0.22710665627998758,0.8,18.259666810000002,20,0.2264752233415831,0.7619047619047619
BACKUSI1,2019-07,0.07283988438069033,0.3145647429361204,0.8095238095238095,1.0688157,21,0.22710665627998758,0.8
BACKUSI1,2019-08,0.008583544147871214,0.09568880010881982,0.9047619047619048,0.96708524,21,0.3145647429361204,0.8095238095238095
BACKUSI1,2019-09,0.02455804597798039,0.1031000719066971,0.85,1.70193715,20,0.09568880010881982,0.9047619047619048
BACKUSI1,2019-10,0.012658251087177552,0.0221410099089147,0.9090909090909091,6.50177117,22,0.1031000719066971,0.85
BACKUSI1,2019-11,0.12499978901148023,0.10784866310635258,0.8421052631578947,18.403342730000002,19,0.0221410099089147,0.9090909090909091
BACKUSI1,2019-12,0.06751811716213085,0.1714917390833226,0.8,1.6721814500000003,20,0.10784866310635258,0.8421052631578947
BACKUSI1,2020-01,0.12245628420363808,0.29563881627652994,0.8571428571428571,5.636199059999999,21,0.1714917390833226,0.8
BACKUSI1,2020-02,-0.15598643685725944,0.2730431865560908,0.8947368421052632,1.9478637199999997,19,0.29563881627652994,0.8571428571428571
BACKUSI1,2020-03,-0.1203701007264667,0.2365662233255305,0.6363636363636364,1.38409249,22,0.2730431865560908,0.8947368421052632
BACKUSI1,2020-04,-0.03157893421784108,0.5204318295581114,0.8,3.9705304100000003,20,0.2365662233255305,0.6363636363636364
BACKUSI1,2020-05,0.00869553663090783,0.17112754143336414,0.9473684210526315,2.5939576800000004,19,0.5204318295581114,0.8
BACKUSI1,2020-06,-0.010775816038785857,0.018778507961121092,0.9523809523809523,5.44450405,21,0.17112754143336414,0.9473684210526315
BACKUSI1,2020-07,-0.04139433776532275,0.03807351014867651,1.0,2.21937452,21,0.018778507961121092,0.9523809523809523
BACKUSI1,2020-08,-0.07615857151951066,0.19968107689295067,0.9047619047619048,1.18464099,21,0.03807351014867651,1.0
BACKUSI1,2020-09,2.220446049250313e-16,0.014431051526451005,0.9523809523809523,3.1987296499999998,21,0.19968107689295067,0.9047619047619048
BACKUSI1,2020-10,-0.04999993430617511,0.2684877750499596,0.9545454545454546,15.115860090000002,22,0.014431051526451005,0.9523809523809523
BACKUSI1,2020-11,0.026315714660778644,0.17680445622746122,0.95,1.5354316199999998,20,0.2684877750499596,0.9545454545454546
BACKUSI1,2020-12,0.033333458107928315,0.13999119602881566,0.8,3.53358948,20,0.17680445622746122,0.95
BACKUSI1,2021-01,0.09181151848240399,0.1990522528515673,0.9473684210526315,4.419070800000001,19,0.13999119602881566,0.8
BACKUSI1,2021-02,0.05454543765448494,0.3184835960793609,0.8421052631578947,2.94918808,19,0.1990522528515673,0.9473684210526315
BACKUSI1,2021-03,-0.025862155758766603,0.1451300526592509,1.0,4.43237377,23,0.3184835960793609,0.8421052631578947
BACKUSI1,2021-04,-0.12389401681774581,0.1392318135776006,0.95,5.91976411,20,0.1451300526592509,1.0
BACKUSI1,2021-05,-0.06060591537941251,0.12956804533324612,1.0,7.40306362,20,0.1392318135776006,0.95
BACKUSI1,2021-06,0.01782194132858872,0.3455682347439119,0.9523809523809523,6.3734174800000005,21,0.12956804533324612,1.0
BACKUSI1,2021-07,-0.011111049420758135,0.38885852870384546,0.7894736842105263,1.00751535,19,0.3455682347439119,0.9523809523809523
BACKUSI1,2021-08,-0.08426965766431194,0.14254151689651806,0.8571428571428571,0.8205493400000001,21,0.38885852870384546,0.7894736842105263
BACKUSI1,2021-09,0.07361972907302072,0.22129237702443336,0.8571428571428571,0.6109420299999999,21,0.14254151689651806,0.8571428571428571
BACKUSI1,2021-10,0.07999986040356677,0.151124793627387,0.9,1.7863046,20,0.22129237702443336,0.8571428571428571
BACKUSI1,2021-11,0.03174607487798564,0.22150685702997155,0.95,1.5775508400000002,20,0.151124793627387,0.9
BACKUSI1,2021-12,0.16190342437666105,0.12203031643515587,1.0,4.25740852,20,0.22150685702997155,0.95
BACKUSI1,2022-01,0.058536553987472706,0.2013509262101246,1.0,2.13967693,20,0.12203031643515587,1.0
BACKUSI1,2022-02,0.08525334793938089,0.04971278085456713,0.8947368421052632,3.9793880800000005,19,0.2013509262101246,1.0
BACKUSI1,2022-03,0.019108292482932887,0.46273623785567003,1.0,2.3396834899999996,23,0.04971278085456713,0.8947368421052632
BACKUSI1,2022-04,2.220446049250313e-16,0.15021945669829678,1.0,2.18503492,19,0.46273623785567003,1.0
BACKUSI1,2022-05,-0.04615253069743097,0.47087455193433947,1.0,2.2444825199999996,21,0.15021945669829678,1.0
BACKUSI1,2022-06,-0.07834106590432643,0.4167281781405481,1.0,5.661234470000001,20,0.47087455193433947,1.0
BACKUSI1,2022-07,0.0499999940476481,0.38393286424165357,1.0,2.8036471499999998,18,0.4167281781405481,1.0
BACKUSI1,2022-08,0.040476106522383315,0.354730662729616,1.0,4.71513842,22,0.38393286424165357,1.0
BACKUSI1,2022-09,-0.038901524281674926,0.33529563444259997,1.0,3.0966671999999997,21,0.354730662729616,1.0
BACKUSI1,2022-10,0.14285712666026784,0.2122934398808776,1.0,16.883988859999995,21,0.33529563444259997,1.0
BACKUSI1,2022-11,0.004166745618002787,0.12159368522614673,1.0,1.91441478,20,0.2122934398808776,1.0
BACKUSI1,2022-12,0.01991691406385132,0.021858720153275647,1.0,6.59154426,19,0.12159368522614673,1.0
BACKUSI1,2023-01,0.049633801998324234,0.11095081281569205,1.0,7.338275829999999,20,0.021858720153275647,1.0
BACKUSI1,2023-02,-0.05038744738397316,0.29358223567657915,1.0,1.7734227999999999,19,0.11095081281569205,1.0
BACKUSI1,2023-03,0.061224380714925974,0.072235592233177,1.0,9.965610929999999,23,0.29358223567657915,1.0
BACKUSI1,2023-04,0.03884047082921649,0.2283323257225391,1.0,11.538817520000002,18,0.072235592233177,1.0
BACKUSI1,2023-05,-0.0039062276179540056,0.015314894680315725,1.0,4.32098744,21,0.2283323257225391,1.0
BACKUSI1,2023-06,-0.01960790734060891,0.46355487909831183,0.9473684210526315,0.63412,19,0.015314894680315725,1.0
BACKUSI1,2023-07,-0.039999953061445215,0.09333723731124323,0.9473684210526315,4.41511609,19,0.46355487909831183,0.9473684210526315
BACKUSI1,2023-08,-0.07916668272970595,0.1988896539941453,1.0,1.2593828299999998,22,0.09333723731124323,0.9473684210526315
BACKUSI1,2023-09,0.009049722006909233,0.25913743859179755,1.0,1.9455064000000002,20,0.1988896539941453,1.0
BACKUSI1,2023-10,-0.01793721927714964,0.2590096469138326,1.0,1.23962853,22,0.25913743859179755,1.0
BACKUSI1,2023-11,0.006849327772534997,0.1729854197611429,1.0,4.87206136,20,0.2590096469138326,1.0
BACKUSI1,2023-12,-0.002267509644796495,0.05030951945294476,1.0,6.45169933,19,0.1729854197611429,1.0
BACKUSI1,2024-01,0.07727269370256185,0.08892014574723595,0.9523809523809523,2.25156926,21,0.05030951945294476,1.0
BACKUSI1,2024-02,6.661338147750939e-16,0.04394976131139182,1.0,2.34647397,20,0.08892014574723595,0.9523809523809523
BACKUSI1,2024-03,-0.008438865571642418,0.16612660624101858,1.0,9.26790049,19,0.04394976131139182,1.0
BACKUSI1,2024-04,-0.05747341893025815,0.12419837843956616,1.0,1.58891178,22,0.16612660624101858,1.0
BACKUSI1,2024-05,0.06280195796113563,0.10320173248956475,1.0,1.97334437,21,0.12419837843956616,1.0
BACKUSI1,2024-06,0.03363633818900391,0.28448985386235104,1.0,4.06573102,18,0.10320173248956475,1.0
BACKUSI1,2024-07,-0.0215479048530407,0.052167270103877714,1.0,2.29163665,20,0.28448985386235104,1.0
BACKUSI1,2024-08,-0.08539329080338542,0.077349529900025,1.0,1.5022735300000003,20,0.052167270103877714,1.0
BACKUSI1,2024-09,0.020147469953836872,0.053817501336420694,1.0,2.25197189,20,0.077349529900025,1.0
BACKUSI1,2024-10,0.00915217851106287,0.21718732328555923,1.0,2.44059088,22,0.053817501336420694,1.0
BACKUSI1,2024-11,0.007159907417698452,0.1549763730023981,1.0,6.12756104,19,0.21718732328555923,1.0
BACKUSI1,2024-12,0.09004742936670596,0.12821101403951551,1.0,1.5077333000000004,19,0.1549763730023981,1.0
BACKUSI1,2025-01,-0.06521741522487912,0.2062513013505451,1.0,1.20057435,20,0.12821101403951551,1.0
BACKUSI1,2025-02,-0.046511646156785935,0.3410798846678569,1.0,1.2463388700000002,19,0.2062513013505451,1.0
BACKUSI1,2025-03,-0.002926871623810001,0.04830005294277054,1.0,1.4750619100000002,21,0.3410798846678569,1.0
BACKUSI1,2025-04,0.02303208910271426,0.10929370853327487,1.0,4.867800819999999,20,0.04830005294277054,1.0
BACKUSI1,2025-05,-0.010362631591633531,0.18859604750534592,1.0,4.69614818,20,0.10929370853327487,1.0
BACKUSI1,2025-06,-0.004712043645614061,0.09181467161848603,1.0,3.1665199100000008,20,0.18859604750534592,1.0
BACKUSI1,2025-07,-0.0015782197685104693,0.04366300311152854,1.0,6.281004219999999,19,0.09181467161848603,1.0
BACKUSI1,2025-08,0.011591222496461162,0.028720042195845192,1.0,23.971195530000003,20,0.04366300311152854,1.0
BACKUSI1,2025-09,0.0,0.23213643443499382,1.0,2.4283717200000003,21,0.028720042195845192,1.0
BACKUSI1,2025-10,0.0057291014019524855,0.10621577587291292,1.0,1.3688344,22,0.23213643443499382,1.0
BACKUSI1,2025-11,0.046090264839792505,0.18147336043081666,1.0,16.47652012,19,0.10621577587291292,1.0
BACKUSI1,2025-12,0.03960390887514409,0.14073676919529232,1.0,1.9817512800000001,19,0.18147336043081666,1.0
BAP,2018-01,0.09363986178725825,0.006028327065279266,1.0,80.64018501748998,21,,
BAP,2018-02,-0.06866934005399883,0.009539395291852416,1.0,51.17434171097,18,0.006028327065279266,1.0
BAP,2018-03,0.035253343923175695,0.00967483858113629,1.0,220.28574156807002,20,0.009539395291852416,1.0
BAP,2018-04,0.04791944242692514,0.0052133915166164705,1.0,74.771803395205,20,0.00967483858113629,1.0
BAP,2018-05,-0.04025982247293902,0.015860985476472383,1.0,33.077043561640004,21,0.0052133915166164705,1.0
BAP,2018-06,-0.0031573966567598477,0.005961478532824265,1.0,69.63629387649,20,0.015860985476472383,1.0
BAP,2018-07,0.033619950695390255,0.01030862907142431,1.0,63.139002277370004,21,0.005961478532824265,1.0
BAP,2018-08,-0.02836738015277407,0.012818134868270851,1.0,31.277728191115,21,0.01030862907142431,1.0
BAP,2018-09,0.004730609918456974,0.018918793554901475,1.0,53.63911515418,19,0.012818134868270851,1.0
BAP,2018-10,0.008968543235778892,0.02530931716679494,1.0,133.65728582991,22,0.018918793554901475,1.0
BAP,2018-11,-0.025777587971518967,0.026909879094487388,1.0,847.00238315143,20,0.02530931716679494,1.0
BAP,2018-12,0.008667817699810065,0.007328094107023734,1.0,54.995365540710004,18,0.026909879094487388,1.0
BAP,2019-01,0.09787613220013114,0.0077740196985201055,1.0,84.25632231950497,21,0.007328094107023734,1.0
BAP,2019-02,0.0018109114918143376,0.08942472011883645,1.0,32.51702227407,19,0.0077740196985201055,1.0
BAP,2019-03,-0.015940666491874533,0.011479464246039446,1.0,251.58261420087,21,0.08942472011883645,1.0
BAP,2019-04,0.015491159766090723,0.011793879091801875,1.0,26.89243102165,20,0.011479464246039446,1.0
BAP,2019-05,-0.054395804243435486,0.005146266752101057,1.0,77.93584025498,21,0.011793879091801875,1.0
BAP,2019-06,0.018060219170535907,0.0037529924671255337,0.95,542.37382715804,20,0.005146266752101057,1.0
BAP,2019-07,-0.042050102394177946,0.0062231154619264905,1.0,106.47956685171499,21,0.0037529924671255337,0.95
BAP,2019-08,-0.07018730269776663,0.0034517259068920286,1.0,186.51511421973498,21,0.0062231154619264905,1.0
BAP,2019-09,0.027784447322676042,0.012267100907967116,0.95,447.1721619312801,20,0.0034517259068920286,1.0
BAP,2019-10,0.021110993291386437,0.010988294049753407,1.0,99.88816749322001,22,0.012267100907967116,0.95
BAP,2019-11,-0.004312866928233738,0.009010740518832739,1.0,65.96119340899,19,0.010988294049753407,1.0
BAP,2019-12,0.019563017966966356,0.018839924988268412,1.0,31.009896303210006,20,0.009010740518832739,1.0
BAP,2020-01,-0.027647093983899418,0.02207796705482858,1.0,56.607033679859995,21,0.018839924988268412,1.0
BAP,2020-02,-0.1237913307578864,0.03904344604401261,1.0,252.59478188293002,19,0.02207796705482858,1.0
BAP,2020-03,-0.20805722976517482,0.015973575480889506,1.0,253.092782377475,22,0.03904344604401261,1.0
BAP,2020-04,0.11751673368301296,0.01310383819486043,1.0,48.40647545944,20,0.015973575480889506,1.0
BAP,2020-05,-0.08514181959947764,0.015253602467147201,1.0,57.06256700960001,19,0.01310383819486043,1.0
BAP,2020-06,-0.022262918600389203,0.009937332732310771,1.0,102.50460894392002,21,0.015253602467147201,1.0
BAP,2020-07,-0.049272098840498546,0.015200761767279566,1.0,43.23051363629501,21,0.009937332732310771,1.0
BAP,2020-08,0.021986666349179895,0.015028838414123339,1.0,21.838311680674995,21,0.015200761767279566,1.0
BAP,2020-09,-0.04878985034342642,0.022801528507089868,1.0,54.90114439906,21,0.015028838414123339,1.0
BAP,2020-10,-0.07835207909100284,0.018982040107896316,1.0,58.94038667466,22,0.022801528507089868,1.0
BAP,2020-11,0.3518842779084783,0.00836964867111692,1.0,170.59910186823498,20,0.018982040107896316,1.0
BAP,2020-12,0.058995140437702265,0.00496821803957505,1.0,173.10401435057,20,0.00836964867111692,1.0
BAP,2021-01,-0.06288907804930843,0.0034541548995443245,1.0,170.17693212720502,19,0.00496821803957505,1.0
BAP,2021-02,0.06578063968371861,0.10101199178824759,1.0,60.261673389985006,19,0.0034541548995443245,1.0
BAP,2021-03,-0.14339135843041928,0.006566084640900382,1.0,203.77296841933997,23,0.10101199178824759,1.0
BAP,2021-04,-0.1280931927869774,0.0033908354361065025,1.0,343.10777994539,20,0.006566084640900382,1.0
BAP,2021-05,0.147746283225898,0.0021557124943765897,1.0,385.653370353295,20,0.0033908354361065025,1.0
BAP,2021-06,-0.1184000682582006,0.0034844325431237287,1.0,291.689175920715,21,0.0021557124943765897,1.0
BAP,2021-07,-0.16441170743774036,0.008386850569166746,1.0,58.01153880006,19,0.0034844325431237287,1.0
BAP,2021-08,0.052522351456127714,0.047690484591530566,1.0,18.255811561065,21,0.008386850569166746,1.0
BAP,2021-09,0.06260543436791322,0.017892556298691853,1.0,14.334794829944999,21,0.047690484591530566,1.0
BAP,2021-10,0.16026790788132383,0.0337418769736951,1.0,28.845150322495,20,0.017892556298691853,1.0
BAP,2021-11,-0.09657556514044785,0.02653540295768709,1.0,30.48988217047,20,0.0337418769736951,1.0
BAP,2021-12,0.056217984892302564,0.0291753379017352,1.0,28.061428861475,20,0.02653540295768709,1.0
BAP,2022-01,0.1544675605853698,0.014476301824841073,1.0,52.832275579510004,20,0.0291753379017352,1.0
BAP,2022-02,0.04968489384122088,0.013210026028954033,1.0,64.138547498045,19,0.014476301824841073,1.0
BAP,2022-03,0.15146681792815664,0.00996354165768457,1.0,237.54126491978002,23,0.013210026028954033,1.0
BAP,2022-04,-0.19262399106553596,0.026363028247887346,1.0,82.96478749509001,19,0.00996354165768457,1.0
BAP,2022-05,0.04309255058958272,0.0155886089025068,1.0,75.52190282604,21,0.026363028247887346,1.0
BAP,2022-06,-0.15168689891175613,0.04196772338965786,1.0,25.798579421255003,20,0.0155886089025068,1.0
BAP,2022-07,0.07369641851302866,0.045295321949099826,1.0,19.586501833784993,18,0.04196772338965786,1.0
BAP,2022-08,0.006459192889123333,0.031123235945902182,1.0,42.576086047545,22,0.045295321949099826,1.0
BAP,2022-09,-0.04801675994126253,0.06862889745792439,0.9523809523809523,28.398035503259997,21,0.031123235945902182,1.0
BAP,2022-10,0.18421060374933207,0.032659494730818826,1.0,61.48658570074501,21,0.06862889745792439,0.9523809523809523
BAP,2022-11,0.048010851322586756,0.0077783165139337805,1.0,151.11728190495,20,0.032659494730818826,1.0
BAP,2022-12,-0.11485582929282756,0.003834550934997427,1.0,276.60209779868495,19,0.0077783165139337805,1.0
BAP,2023-01,-0.012569429749478722,0.032384787768442155,1.0,21.273406279875005,20,0.003834550934997427,1.0
BAP,2023-02,-0.048296498567565016,0.03204649233971798,1.0,20.755676909955003,19,0.032384787768442155,1.0
BAP,2023-03,0.04169933611971066,0.03405863686766368,1.0,138.842719422955,23,0.03204649233971798,1.0
BAP,2023-04,0.0196376692262219,0.019729050317913346,0.9444444444444444,49.833457037535,18,0.03405863686766368,1.0
BAP,2023-05,0.004524089294250189,0.04069887643216905,1.0,43.18588035301,21,0.019729050317913346,0.9444444444444444
BAP,2023-06,0.14719115957966045,0.04150645632857855,1.0,48.64754623081501,19,0.04069887643216905,1.0
BAP,2023-07,0.05985782745646051,0.014446554534927047,1.0,40.519568503844994,19,0.04150645632857855,1.0
BAP,2023-08,-0.09763872413323271,0.020850451470433677,1.0,25.972988082080004,22,0.014446554534927047,1.0
BAP,2023-09,-0.09476664988072392,0.01402478595755704,1.0,23.556897926874996,20,0.020850451470433677,1.0
BAP,2023-10,-0.025781188339925376,0.05780843050836076,1.0,27.567101471485003,22,0.01402478595755704,1.0
BAP,2023-11,-0.0016038497043003863,0.04023932846267216,1.0,26.634943726020005,20,0.05780843050836076,1.0
BAP,2023-12,0.2008031985303036,0.024630536651945447,1.0,83.71191660454001,19,0.04023932846267216,1.0
BAP,2024-01,-0.001872934508502122,0.053626892239212486,1.0,7.65336854101,21,0.024630536651945447,1.0
BAP,2024-02,0.1459589981569458,0.018507821288758223,1.0,100.64846189308,20,0.053626892239212486,1.0
BAP,2024-03,-0.01725138799520809,0.03121594316098411,1.0,148.4946823773,19,0.018507821288758223,1.0
BAP,2024-04,-0.011306215539478415,0.015087424337514447,1.0,98.13413091839499,22,0.03121594316098411,1.0
BAP,2024-05,0.04178434145109877,0.01982241490374221,1.0,59.06525868160001,21,0.015087424337514447,1.0
BAP,2024-06,-0.02319907496829121,0.04699640117023326,1.0,22.148646217919996,18,0.01982241490374221,1.0
BAP,2024-07,0.06562506530997059,0.06057335443317904,1.0,16.748916167544998,20,0.04699640117023326,1.0
BAP,2024-08,0.02052777783365345,0.09426917880562344,1.0,44.014770012075,20,0.06057335443317904,1.0
BAP,2024-09,0.0573438807662312,0.018312901631109504,1.0,57.564975259384994,20,0.09426917880562344,1.0
BAP,2024-10,0.019337132954813097,0.013999183971305236,1.0,24.555229125919997,22,0.018312901631109504,1.0
BAP,2024-11,0.018807540279796475,0.01910304110841461,1.0,32.82953303023999,19,0.013999183971305236,1.0
BAP,2024-12,-0.03814435839516517,0.05193542059653113,1.0,21.82039784263,19,0.01910304110841461,1.0
BAP,2025-01,0.022222193063340168,0.06311470816382964,1.0,51.445020307715005,20,0.05193542059653113,1.0
BAP,2025-02,-0.027173878162369602,0.029677161114838115,1.0,14.308240252959997,19,0.06311470816382964,1.0
BAP,2025-03,0.03910609365161344,0.024814494885357325,1.0,123.31467068500999,21,0.029677161114838115,1.0
BAP,2025-04,0.08064514958689051,0.039379229285212335,1.0,31.7226258168,20,0.024814494885357325,1.0
BAP,2025-05,0.10878894168263509,0.005588648297882285,1.0,106.04893019410999,20,0.039379229285212335,1.0
BAP,2025-06,0.06350707807987854,0.003630333237599116,1.0,97.44948963625501,20,0.005588648297882285,1.0
BAP,2025-07,0.05392163317564935,0.007345071921492916,1.0,54.20932221869,19,0.003630333237599116,1.0
BAP,2025-08,0.08245240159100953,0.005150744605159868,1.0,111.47893892138498,20,0.007345071921492916,1.0
BAP,2025-09,0.0039062694973439616,0.027145656510995996,1.0,48.451594338125,21,0.005150744605159868,1.0
BAP,2025-10,0.019455225350368588,0.019880954671816945,1.0,21.523333928089993,22,0.027145656510995996,1.0
BAP,2025-11,-0.006870190196272885,0.10045073865908961,1.0,11.552310117775,19,0.019880954671816945,1.0
BAP,2025-12,0.11456571664673487,0.028713388013949806,1.0,28.929638643655,19,0.10045073865908961,1.0
BBVAC1,2018-01,0.025882448394760837,0.019249169500310852,0.9523809523809523,9.86726699,21,,
BBVAC1,2018-02,-0.025229448496033147,0.08003269611515762,0.9444444444444444,6.00027709,18,0.019249169500310852,0.9523809523809523
BBVAC1,2018-03,0.023529447846816653,0.30658455635209386,0.95,4.797151810000001,20,0.08003269611515762,0.9444444444444444
BBVAC1,2018-04,0.06282802452341585,0.07855348763253658,0.95,6.303880700000001,20,0.30658455635209386,0.95
BBVAC1,2018-05,-0.008888867815031065,0.032673992209107085,1.0,20.88787124,21,0.07855348763253658,0.95
BBVAC1,2018-06,0.027933127757388654,0.06515093749147802,1.0,9.840061879999999,20,0.032673992209107085,1.0
BBVAC1,2018-07,-0.004796153115134039,0.03203795503563312,1.0,11.132581009999999,21,0.06515093749147802,1.0
BBVAC1,2018-08,-0.014457864370412188,0.07850995172326447,0.9523809523809523,3.9890043,21,0.03203795503563312,1.0
BBVAC1,2018-09,-0.02689474621432897,0.02870911203615396,0.8421052631578947,7.83000788,19,0.07850995172326447,0.9523809523809523
BBVAC1,2018-10,-0.005025378285544502,0.07391287437553096,0.9545454545454546,4.183707409999999,22,0.02870911203615396,0.8421052631578947
BBVAC1,2018-11,-0.012626172146668169,0.29116978253536946,1.0,4.8787451299999995,20,0.07391287437553096,0.9545454545454546
BBVAC1,2018-12,0.010230158442158022,0.09343793461586836,0.9444444444444444,3.6653713600000004,18,0.29116978253536946,1.0
BBVAC1,2019-01,-0.025316405268313913,0.05139439828516596,1.0,18.57090858,21,0.09343793461586836,0.9444444444444444
BBVAC1,2019-02,0.007792396231665721,0.011681766358893696,1.0,23.238820710000002,19,0.05139439828516596,1.0
BBVAC1,2019-03,0.02835004665716112,0.028378526823158563,1.0,12.158010660000002,21,0.011681766358893696,1.0
BBVAC1,2019-04,-0.01462017479477773,0.47399456129449674,1.0,5.26365421,20,0.028378526823158563,1.0
BBVAC1,2019-05,-0.04712037309668282,0.05066544089733179,1.0,16.38409922,21,0.47399456129449674,1.0
BBVAC1,2019-06,0.02747263171077763,0.05481953246993586,1.0,39.636723409999995,20,0.05066544089733179,1.0
BBVAC1,2019-07,-0.023946920947130024,0.051369715302159905,1.0,10.349645139999998,21,0.05481953246993586,1.0
BBVAC1,2019-08,-0.024024102213825227,0.05517465411310785,1.0,5.61849592,21,0.051369715302159905,1.0
BBVAC1,2019-09,-0.003077067443578385,0.13089705367131427,0.95,4.47052179,20,0.05517465411310785,1.0
BBVAC1,2019-10,0.08024724661354532,0.09248220459772068,0.9545454545454546,16.665595770000003,22,0.13089705367131427,0.95
BBVAC1,2019-11,-0.040000475526459245,0.06940574974959302,0.9473684210526315,5.943275929999999,19,0.09248220459772068,0.9545454545454546
BBVAC1,2019-12,0.04166718264615388,0.030279651507149508,1.0,3.5436827600000003,20,0.06940574974959302,0.9473684210526315
BBVAC1,2020-01,-0.008746493002743772,0.05913408147073555,1.0,4.909785750000001,21,0.030279651507149508,1.0
BBVAC1,2020-02,-0.02941177475995238,0.0438586309404529,1.0,6.00836144,19,0.05913408147073555,1.0
BBVAC1,2020-03,-0.28787903014772154,0.15177795360223897,1.0,18.1380125,22,0.0438586309404529,1.0
BBVAC1,2020-04,0.01702158512627494,0.05237122780559596,1.0,4.06582418,20,0.15177795360223897,1.0
BBVAC1,2020-05,0.1171545655147519,0.046828531949864576,1.0,21.1545058,19,0.05237122780559596,1.0
BBVAC1,2020-06,0.03988069995881216,0.11867534853451388,0.9047619047619048,6.989668760000001,21,0.046828531949864576,1.0
BBVAC1,2020-07,-0.08518541216246944,0.12400880715718077,0.9523809523809523,25.663545630000005,21,0.11867534853451388,0.9047619047619048
BBVAC1,2020-08,-0.0526311791623737,0.14907827271187216,1.0,3.21269938,21,0.12400880715718077,0.9523809523809523
BBVAC1,2020-09,0.029914327216958858,0.07196347006582868,1.0,5.31977034,21,0.14907827271187216,1.0
BBVAC1,2020-10,-0.05169902500558754,0.03724070935227824,0.9545454545454546,5.106023529999999,22,0.07196347006582868,1.0
BBVAC1,2020-11,0.11650495711901176,0.11536014847270781,0.95,44.331690439999996,20,0.03724070935227824,0.9545454545454546
BBVAC1,2020-12,-0.05652172102766684,0.07868326849506543,1.0,19.39858298,20,0.11536014847270781,0.95
BBVAC1,2021-01,0.12903237316176863,0.05211003002793099,1.0,20.187185789999997,19,0.07868326849506543,1.0
BBVAC1,2021-02,0.008163069785282362,0.15577084573288297,0.9473684210526315,20.30699266,19,0.05211003002793099,1.0
BBVAC1,2021-03,-0.020242846515675872,0.074736643993166,1.0,9.267912850000002,23,0.15577084573288297,0.9473684210526315
BBVAC1,2021-04,-0.1363301611100759,0.07803546886950856,1.0,16.41954111,20,0.074736643993166,1.0
BBVAC1,2021-05,0.029126401937854762,0.025832300879977472,0.95,44.70523548999999,20,0.07803546886950856,1.0
BBVAC1,2021-06,-0.06253513756781026,0.10549302608768067,1.0,17.236693619999997,21,0.025832300879977472,0.95
BBVAC1,2021-07,-0.062499930531381254,0.30605429753776936,1.0,6.25380094,19,0.10549302608768067,1.0
BBVAC1,2021-08,-0.04444406840639803,0.07927734384592566,0.9523809523809523,13.07584956,21,0.30605429753776936,1.0
BBVAC1,2021-09,0.017441776524905084,0.024118217893066455,0.8571428571428571,3.29678533,21,0.07927734384592566,0.9523809523809523
BBVAC1,2021-10,0.16378954538213275,0.12462347432539993,1.0,5.86630978,20,0.024118217893066455,0.8571428571428571
BBVAC1,2021-11,-0.02000003429312147,0.05312420017031092,1.0,10.97003122,20,0.12462347432539993,1.0
BBVAC1,2021-12,-0.07653101345412139,0.025356395043769252,1.0,12.882835970000002,20,0.05312420017031092,1.0
BBVAC1,2022-01,0.11602269494169937,0.016153762366855975,1.0,14.46479879,20,0.025356395043769252,1.0
BBVAC1,2022-02,0.10396030826081248,0.09134842511182682,1.0,28.69622705,19,0.016153762366855975,1.0
BBVAC1,2022-03,0.004484077747822113,0.0850505231438164,0.9565217391304348,10.451199039999999,23,0.09134842511182682,1.0
BBVAC1,2022-04,-0.16851569178607229,0.027618604449362327,1.0,12.81614008,19,0.0850505231438164,0.9565217391304348
BBVAC1,2022-05,-0.15168556795569943,0.08326279048510843,1.0,14.09570496,21,0.027618604449362327,1.0
BBVAC1,2022-06,0.1258285436400235,0.3255844272034348,1.0,24.399552120000003,20,0.08326279048510843,1.0
BBVAC1,2022-07,-0.010516808385942156,0.07082812135334876,1.0,6.237518860000001,18,0.3255844272034348,1.0
BBVAC1,2022-08,-0.06493512257030964,0.08742998333461566,1.0,5.3165675,22,0.07082812135334876,1.0
BBVAC1,2022-09,0.027777896751894016,0.04080657445938782,1.0,81.66577316,21,0.08742998333461566,1.0
BBVAC1,2022-10,0.06756762388255577,0.24673897806303297,1.0,19.474402270000002,21,0.04080657445938782,1.0
BBVAC1,2022-11,-0.03164559432629843,0.06625175773939693,1.0,6.93707319,20,0.24673897806303297,1.0
BBVAC1,2022-12,0.10457526949960139,0.0913724049394807,1.0,4.12168549,19,0.06625175773939693,1.0
BBVAC1,2023-01,0.01183426875027438,0.3162228475983,1.0,4.07527216,20,0.0913724049394807,1.0
BBVAC1,2023-02,0.011695856837198315,0.15845825731843521,1.0,3.87742335,19,0.3162228475983,1.0
BBVAC1,2023-03,0.005780370770060994,0.10115290389216586,0.9565217391304348,4.368705580000001,23,0.15845825731843521,1.0
BBVAC1,2023-04,0.021360954959438017,0.0950569348188856,1.0,3.6208181399999995,18,0.10115290389216586,0.9565217391304348
BBVAC1,2023-05,0.023809615372891058,0.1341223648812376,1.0,3.8375191799999997,21,0.0950569348188856,1.0
BBVAC1,2023-06,0.026634032077079928,0.13359403055893035,1.0,2.92717064,19,0.1341223648812376,1.0
BBVAC1,2023-07,-0.04374998438325994,0.1015013641174833,1.0,2.62060892,19,0.13359403055893035,1.0
BBVAC1,2023-08,0.013071890545290454,0.059357016093681665,1.0,4.73813652,22,0.1015013641174833,1.0
BBVAC1,2023-09,-0.03870957103887551,0.10007969203110145,1.0,2.2586982399999997,20,0.059357016093681665,1.0
BBVAC1,2023-10,-0.06040265562284419,0.23012749461271395,1.0,5.59446283,22,0.10007969203110145,1.0
BBVAC1,2023-11,-0.014285808987795634,0.03529568480242236,1.0,8.61009866,20,0.23012749461271395,1.0
BBVAC1,2023-12,0.15942022387743116,0.023670773993698616,1.0,9.34251107,19,0.03529568480242236,1.0
BBVAC1,2024-01,0.006249997769037119,0.02230065241912344,1.0,3.3350262799999997,21,0.023670773993698616,1.0
BBVAC1,2024-02,0.05590068997223363,0.04496115415906521,1.0,3.1493047,20,0.02230065241912344,1.0
BBVAC1,2024-03,4.440892098500626e-16,0.17201628632511992,1.0,6.01135858,19,0.04496115415906521,1.0
BBVAC1,2024-04,-0.0910489787125216,0.03928872611489261,1.0,25.758273410000005,22,0.17201628632511992,1.0
BBVAC1,2024-05,8.881784197001252e-16,0.06774154269746908,1.0,121.34467261,21,0.03928872611489261,1.0
BBVAC1,2024-06,-0.08275856779729207,0.05045114022359294,1.0,7.60850247,18,0.06774154269746908,1.0
BBVAC1,2024-07,0.015037566717165385,0.04214370697244198,1.0,5.746640940000001,20,0.05045114022359294,1.0
BBVAC1,2024-08,-0.051851858468313194,0.02720271235264803,1.0,10.978989019999998,20,0.04214370697244198,1.0
BBVAC1,2024-09,0.05468750735992667,0.08957973043356263,1.0,131.77401638,20,0.02720271235264803,1.0
BBVAC1,2024-10,0.05925915339586374,0.06749257226472331,1.0,5.917107680000001,22,0.08957973043356263,1.0
BBVAC1,2024-11,2.220446049250313e-16,0.07182541234886075,1.0,10.788064799999999,19,0.06749257226472331,1.0
BBVAC1,2024-12,0.04195806489030285,0.03580619314522369,1.0,5.21561471,19,0.07182541234886075,1.0
BBVAC1,2025-01,-0.013422795858888614,0.06736658483695168,1.0,42.1036552,20,0.03580619314522369,1.0
BBVAC1,2025-02,-0.020408127923309483,0.11556077325728441,1.0,31.04995648,19,0.06736658483695168,1.0
BBVAC1,2025-03,0.0694444147220552,0.05294071533399506,1.0,11.745338580000002,21,0.11556077325728441,1.0
BBVAC1,2025-04,-0.012905034329322662,0.07888719388164692,1.0,24.74940216,20,0.05294071533399506,1.0
BBVAC1,2025-05,0.05594407505124854,0.033834137510223856,1.0,15.712632100000002,20,0.07888719388164692,1.0
BBVAC1,2025-06,-0.05960265785112373,0.018673368687817028,1.0,13.513784489999999,20,0.033834137510223856,1.0
BBVAC1,2025-07,0.0,0.05416067511928569,1.0,12.34853885,19,0.018673368687817028,1.0
BBVAC1,2025-08,0.03521131261087285,0.039228034572151724,1.0,14.611748490000002,20,0.05416067511928569,1.0
BBVAC1,2025-09,-2.220446049250313e-16,0.02032962420419345,1.0,9.35201027,21,0.039228034572151724,1.0
BBVAC1,2025-10,-3.3306690738754696e-16,0.018163914500912624,1.0,19.75805085,22,0.02032962420419345,1.0
BBVAC1,2025-11,0.02721084935730489,0.02265910111418376,1.0,23.749954530000004,19,0.018163914500912624,1.0
BBVAC1,2025-12,0.17880797355337164,0.0652442942359294,1.0,11.87563818,19,0.02265910111418376,1.0
BVN,2018-01,0.06551731734959998,0.006485771741515605,1.0,79.28673071634499,21,,
BVN,2018-02,0.011650479682648873,0.015231736888303168,1.0,38.642213909664996,18,0.006485771741515605,1.0
BVN,2018-03,-0.06206012525056359,0.07362172660648969,0.95,14.46492878115,20,0.015231736888303168,1.0
BVN,2018-04,0.08451530795127749,0.008555720540923361,1.0,56.191003940689995,20,0.07362172660648969,0.95
BVN,2018-05,-0.03465658161681784,0.2656320920419569,0.9523809523809523,13.024047268265,21,0.008555720540923361,1.0
BVN,2018-06,-0.1057441844508823,0.07772491042005707,1.0,15.372729023724998,20,0.2656320920419569,0.9523809523809523
BVN,2018-07,-0.0014596761525011992,0.2889230436101022,1.0,7.0043442014699995,21,0.07772491042005707,1.0
BVN,2018-08,-0.06578949466385886,0.13195835668577202,0.9047619047619048,5.194838985214999,21,0.2889230436101022,1.0
BVN,2018-09,0.040688488648724874,0.08754175405306644,0.9473684210526315,7.514296121465001,19,0.13195835668577202,0.9047619047619048
BVN,2018-10,0.04511274907249718,0.1792155443930054,0.9545454545454546,9.606512766604999,22,0.08754175405306644,0.9473684210526315
BVN,2018-11,0.014407060701668195,0.36258846970501507,0.95,2.5641821738249995,20,0.1792155443930054,0.9545454545454546
BVN,2018-12,0.1452990835982031,0.061403672430838614,1.0,47.594423646035004,18,0.36258846970501507,0.95
BVN,2019-01,-0.04347822456106032,0.11928813359989913,1.0,23.212496394539997,21,0.061403672430838614,1.0
BVN,2019-02,0.07792212501992091,0.05139155555857676,1.0,15.344872045635,19,0.11928813359989913,1.0
BVN,2019-03,0.037349418533255685,0.09645789043760036,1.0,13.153590223944999,21,0.05139155555857676,1.0
BVN,2019-04,-0.0563827923456367,0.19769810104773464,0.95,12.190754397934997,20,0.09645789043760036,1.0
BVN,2019-05,-0.06670793225357474,0.3187979105632431,1.0,34.950898575174996,21,0.19769810104773464,0.95
BVN,2019-06,0.10589005611405655,0.020642964003694846,1.0,33.376232459795,20,0.3187979105632431,1.0
BVN,2019-07,-0.08438050290903543,0.20795633064509153,0.9047619047619048,14.844999189615002,21,0.020642964003694846,1.0
BVN,2019-08,-0.0052288750880353785,0.19862088296003802,0.9523809523809523,16.620667688335,21,0.20795633064509153,0.9047619047619048
BVN,2019-09,-0.0006569434344138037,0.11525818347044396,0.9,10.831683561445,20,0.19862088296003802,0.9523809523809523
BVN,2019-10,-0.0006574430424919342,0.12632362837668928,0.9545454545454546,11.706166631230001,22,0.11525818347044396,0.9
BVN,2019-11,0.008412387097124219,0.14519988887117516,0.8421052631578947,10.381025137804999,19,0.12632362837668928,0.9545454545454546
BVN,2019-12,4.440892098500626e-16,0.084942810647125,0.9,12.37231066705,20,0.14519988887117516,0.8421052631578947
BVN,2020-01,-0.16339871258360728,0.037790391085914254,1.0,36.03930199871,21,0.084942810647125,0.9
BVN,2020-02,-0.12187503691506307,0.07946429972214467,1.0,51.858562916385,19,0.037790391085914254,1.0
BVN,2020-03,-0.34875439270953634,0.15557216479178496,1.0,34.63616933652,22,0.07946429972214467,1.0
BVN,2020-04,0.032786812682798594,0.11543678059861437,1.0,18.370022665740002,20,0.15557216479178496,1.0
BVN,2020-05,0.030423274754192375,0.06039399485753495,1.0,25.310254119910002,19,0.11543678059861437,1.0
BVN,2020-06,0.17843392909570222,0.032208523219037874,1.0,27.387294001635,21,0.06039399485753495,1.0
BVN,2020-07,0.28540314482476803,0.06679183167566738,1.0,29.608424035855002,21,0.032208523219037874,1.0
BVN,2020-08,0.18898305705273954,0.030671490546323794,1.0,31.6237015709,21,0.06679183167566738,1.0
BVN,2020-09,-0.13756235470485856,0.05196966289888275,1.0,28.04392311403,21,0.030671490546323794,1.0
BVN,2020-10,-0.008264497234726331,0.16595607899646678,1.0,18.259165618395002,22,0.05196966289888275,1.0
BVN,2020-11,-0.085833350976668,0.021606695534567,1.0,65.67909959094499,20,0.16595607899646678,1.0
BVN,2020-12,0.11212397874953273,0.014655783726975975,1.0,49.517135216535,20,0.021606695534567,1.0
BVN,2021-01,-0.12500001071457523,0.015192590190399402,1.0,54.02519321704,19,0.014655783726975975,1.0
BVN,2021-02,0.04857143724804858,0.013095298538631138,1.0,33.101486826235,19,0.015192590190399402,1.0
BVN,2021-03,-0.09173479852206745,0.03665521088791933,1.0,24.994087809245002,23,0.013095298538631138,1.0
BVN,2021-04,-0.02700001100601157,0.022634426122434485,1.0,74.366608360875,20,0.03665521088791933,1.0
BVN,2021-05,0.1901336713932904,0.015590051078710346,1.0,70.73927651609,20,0.022634426122434485,1.0
BVN,2021-06,-0.22193440787903373,0.04843862297848643,1.0,23.623424476495,21,0.015590051078710346,1.0
BVN,2021-07,-0.08879020855678088,0.2688938057874788,0.9473684210526315,7.370434908759999,19,0.04843862297848643,1.0
BVN,2021-08,-0.08891601612357503,0.26806894412781695,1.0,8.122240714915,21,0.2688938057874788,0.9473684210526315
BVN,2021-09,-0.09090913466331574,0.013918480852728884,1.0,8.822743176749999,21,0.26806894412781695,1.0
BVN,2021-10,0.14705885244764705,0.024296721645628,1.0,21.983364368794998,20,0.013918480852728884,1.0
BVN,2021-11,-0.07051279303954716,0.02317173024065354,1.0,31.40221167456,20,0.024296721645628,1.0
BVN,2021-12,0.009655213508843241,0.031331381995977056,1.0,33.72801164687501,20,0.02317173024065354,1.0
BVN,2022-01,0.10273965991832856,0.00965739312740309,1.0,39.53084484795,20,0.031331381995977056,1.0
BVN,2022-02,0.22360240510788376,0.015355760940108864,1.0,59.197960821255,19,0.00965739312740309,1.0
BVN,2022-03,0.017259061568615452,0.015617289928945264,1.0,44.71497778100999,23,0.015355760940108864,1.0
BVN,2022-04,-0.051443097935369386,0.030490588175038913,1.0,37.606753407285,19,0.015617289928945264,1.0
BVN,2022-05,-0.07944914199532527,0.03041222908475524,1.0,35.838703975125,21,0.030490588175038913,1.0
BVN,2022-06,-0.23360173540443185,0.07199435907944458,1.0,17.821889760545,20,0.03041222908475524,1.0
BVN,2022-07,-0.10660668491664615,0.06446701541401922,1.0,13.855486010085,18,0.07199435907944458,1.0
BVN,2022-08,-0.11596620259043611,0.07035472361390371,1.0,18.912157756705,22,0.06446701541401922,1.0
BVN,2022-09,0.25855492667150237,0.038876827717315,1.0,20.29904632613,21,0.07035472361390371,1.0
BVN,2022-10,0.049848841192974724,0.10284345859020515,1.0,10.38157128338,21,0.038876827717315,1.0
BVN,2022-11,0.17841740154925279,0.040689754492442456,1.0,31.654939275044995,20,0.10284345859020515,1.0
BVN,2022-12,-0.08547014250896878,0.06226162770047613,1.0,14.127653537345001,19,0.040689754492442456,1.0
BVN,2023-01,0.07610154656604662,0.029874864114379236,1.0,18.429926384479998,20,0.06226162770047613,1.0
BVN,2023-02,-0.06575679189765948,0.08646707366158783,1.0,13.339119528564998,19,0.029874864114379236,1.0
BVN,2023-03,0.07702517573835599,0.038904469437735296,1.0,39.04141558000501,23,0.08646707366158783,1.0
BVN,2023-04,-0.11759613000880731,0.024748279764224564,1.0,18.35969586903,18,0.038904469437735296,1.0
BVN,2023-05,-0.0451339771408219,0.028187768510061904,1.0,20.881711902874997,21,0.024748279764224564,1.0
BVN,2023-06,0.0841950501668447,0.060435049266060116,1.0,14.371429083435,19,0.028187768510061904,1.0
BVN,2023-07,0.07084458069094768,0.03845127532402438,1.0,25.427279193495,19,0.060435049266060116,1.0
BVN,2023-08,0.07251921298751074,0.033036073349920335,1.0,29.377863317270002,22,0.03845127532402438,1.0
BVN,2023-09,0.002372369430233112,0.04214146693671816,1.0,10.385962448755,20,0.033036073349920335,1.0
BVN,2023-10,-0.033136181639881856,0.06292769781377176,1.0,12.83994739771,22,0.04214146693671816,1.0
BVN,2023-11,0.1591188890727222,0.04148806713088009,0.95,18.598023446465,20,0.06292769781377176,1.0
BVN,2023-12,0.6029566755900486,0.03532607268418866,1.0,96.20265316666,19,0.04148806713088009,0.95
BVN,2024-01,0.010540164160362409,0.036323256874336164,1.0,44.52235353337,21,0.03532607268418866,1.0
BVN,2024-02,-0.007170827006569347,0.008335706454631631,1.0,20.590304247309994,20,0.036323256874336164,1.0
BVN,2024-03,0.11621791016824234,0.010076286170888042,1.0,58.03937196457999,19,0.008335706454631631,1.0
BVN,2024-04,0.02595129627878845,0.10158854140905295,1.0,19.78879005387,22,0.010076286170888042,1.0
BVN,2024-05,0.023041469840644035,0.06714817919255406,1.0,62.318393217355,21,0.10158854140905295,1.0
BVN,2024-06,-0.05123880485427068,0.10212192570465302,1.0,7.17145009453,18,0.06714817919255406,1.0
BVN,2024-07,-0.07418398122873471,0.05998425168749823,1.0,11.917684620324998,20,0.10212192570465302,1.0
BVN,2024-08,-0.18525636372606968,0.0594098042345277,1.0,15.080892082425,20,0.05998425168749823,1.0
BVN,2024-09,0.08339889089681107,0.03443563519022874,1.0,15.75856818923,20,0.0594098042345277,1.0
BVN,2024-10,-0.055192481353401934,0.14683744544604752,1.0,10.26210098035,22,0.03443563519022874,1.0
BVN,2024-11,-0.06994621231673703,0.020350891960101553,1.0,15.776365804185003,19,0.14683744544604752,1.0
BVN,2024-12,-0.009917454044716112,0.041253356398462636,1.0,16.838433790705004,19,0.020350891960101553,1.0
BVN,2025-01,0.06276139163602457,0.02679529941343633,1.0,13.45300176539,20,0.041253356398462636,1.0
BVN,2025-02,-0.005511648186754092,0.02030112567083811,1.0,17.876720365675,19,0.02679529941343633,1.0
BVN,2025-03,0.23515430259724734,0.021833414487274213,1.0,44.82335662136,21,0.02030112567083811,1.0
BVN,2025-04,-0.07273063203415753,0.08150720386500916,1.0,23.842004022960005,20,0.021833414487274213,1.0
BVN,2025-05,0.05218609058543899,0.04890192976099124,1.0,9.023082767105,20,0.08150720386500916,1.0
BVN,2025-06,0.10522796193645756,0.056844784918211023,1.0,27.407392382774997,20,0.04890192976099124,1.0
BVN,2025-07,0.033959831995702405,0.08406347745204927,1.0,13.456480486735002,19,0.056844784918211023,1.0
BVN,2025-08,0.12609982972209655,0.05440544313895954,1.0,12.52408297046,20,0.08406347745204927,1.0
BVN,2025-09,0.0411457871484715,0.01682066546524519,1.0,36.62946860857,21,0.05440544313895954,1.0
BVN,2025-10,0.15057526663710363,0.028414040605461065,1.0,72.205055135185,22,0.01682066546524519,1.0
BVN,2025-11,0.08511574884122353,0.0723516179420282,1.0,17.648280816935,19,0.028414040605461065,1.0
BVN,2025-12,0.14919361635735062,0.061471563544535875,1.0,17.60537530595,19,0.0723516179420282,1.0
CORAREI1,2018-01,0.041666531087491965,0.09458161843288257,1.0,6.22934149,21,,
CORAREI1,2018-02,-0.053333774128404565,0.32547047118027433,1.0,2.15909049,19,0.09458161843288257,1.0
CORAREI1,2018-03,0.056338520030437156,0.2738620546568269,1.0,3.2449463299999994,20,0.32547047118027433,1.0
CORAREI1,2018-04,0.13809391577200203,0.19113577578592061,1.0,8.15501228,20,0.2738620546568269,1.0
CORAREI1,2018-05,0.0,0.03180747428814151,1.0,5.90155222,21,0.19113577578592061,1.0
CORAREI1,2018-06,-0.07228901539488286,0.09710526484510419,1.0,2.9752723199999993,20,0.03180747428814151,1.0
CORAREI1,2018-07,0.01298672881512708,0.1480427409513653,1.0,4.90432931,21,0.09710526484510419,1.0
CORAREI1,2018-08,-0.11633742211497944,0.22454318265745038,1.0,2.56102426,22,0.1480427409513653,1.0
CORAREI1,2018-09,6.661338147750939e-16,0.340469001201673,1.0,1.83148146,19,0.22454318265745038,1.0
CORAREI1,2018-10,-0.07352961530031754,0.25540197900683953,1.0,1.6952764299999996,22,0.340469001201673,1.0
CORAREI1,2018-11,0.11383137299670487,0.23538946206840153,1.0,2.03148822,20,0.25540197900683953,1.0
CORAREI1,2018-12,0.029411639101923015,0.2511913450237514,1.0,3.4451770600000002,18,0.23538946206840153,1.0
CORAREI1,2019-01,0.10000013612330871,0.27289322969668117,1.0,1.46313277,21,0.2511913450237514,1.0
CORAREI1,2019-02,0.012987222678259025,0.0514508152887615,1.0,3.4084002,19,0.27289322969668117,1.0
CORAREI1,2019-03,0.05128193792057911,0.03806311073389609,1.0,4.815189300000001,21,0.0514508152887615,1.0
CORAREI1,2019-04,-0.04368439452864048,0.11257202756788928,1.0,3.5802930400000004,20,0.03806311073389609,1.0
CORAREI1,2019-05,-0.11842096431536431,0.25373894144452647,1.0,3.9593451600000003,21,0.11257202756788928,1.0
CORAREI1,2019-06,0.08955244746615865,0.16000360019495272,1.0,1.69488079,20,0.25373894144452647,1.0
CORAREI1,2019-07,0.013698328110605562,0.2991376075257755,1.0,1.5539924299999996,21,0.16000360019495272,1.0
CORAREI1,2019-08,-0.11663876408727647,0.35397200058036554,1.0,1.56802446,21,0.2991376075257755,1.0
CORAREI1,2019-09,0.04687488857940436,0.29314344363889705,0.95,1.0710636,20,0.35397200058036554,1.0
CORAREI1,2019-10,0.19402975291669322,0.17791754913070656,1.0,7.84624864,22,0.29314344363889705,0.95
CORAREI1,2019-11,0.12111508851973607,0.09456022318373056,1.0,6.9095054099999995,19,0.17791754913070656,1.0
CORAREI1,2019-12,0.057471329476994626,0.38647623752645843,1.0,2.18723171,20,0.09456022318373056,1.0
CORAREI1,2020-01,8.881784197001252e-16,0.13787656973487747,1.0,3.0628708000000002,21,0.38647623752645843,1.0
CORAREI1,2020-02,-0.05494503578046139,0.1151945372504112,1.0,2.3206268600000004,19,0.13787656973487747,1.0
CORAREI1,2020-03,-0.302325450389747,0.31495639957339266,0.9090909090909091,4.2812369200000004,22,0.1151945372504112,1.0
CORAREI1,2020-04,0.11666668522830026,0.6093235756517961,0.9,1.79537486,20,0.31495639957339266,0.9090909090909091
CORAREI1,2020-05,0.07462682287527356,0.8564009255477273,0.8421052631578947,0.9340464399999999,19,0.6093235756517961,0.9
CORAREI1,2020-06,0.027777716550167364,0.3766472598927885,1.0,1.33908283,21,0.8564009255477273,0.8421052631578947
CORAREI1,2020-07,2.220446049250313e-16,0.41781471305219164,0.8571428571428571,0.9379176700000001,21,0.3766472598927885,1.0
CORAREI1,2020-08,-0.02702696906428903,0.42603659356097723,0.9523809523809523,1.29704412,21,0.41781471305219164,0.8571428571428571
CORAREI1,2020-09,0.009967365168003894,0.3738783059506424,0.9047619047619048,1.3111815000000002,21,0.42603659356097723,0.9523809523809523
CORAREI1,2020-10,0.11267666140315558,0.44986928322870057,0.8636363636363636,0.8894834100000001,22,0.3738783059506424,0.9047619047619048
CORAREI1,2020-11,0.15699939969824905,0.2161672435065897,0.95,1.9722481400000003,20,0.44986928322870057,0.8636363636363636
CORAREI1,2020-12,0.03644441422689715,0.3623825695654444,0.9,1.5714354900000005,20,0.2161672435065897,0.95
CORAREI1,2021-01,0.07865172311705093,0.1332380329929472,1.0,2.62686871,19,0.3623825695654444,0.9
CORAREI1,2021-02,0.14583347798968838,0.2552710307540696,1.0,3.42137041,19,0.1332380329929472,1.0
CORAREI1,2021-03,0.06363652320438229,0.12525328905898492,1.0,4.760208700000001,23,0.2552710307540696,1.0
CORAREI1,2021-04,-0.03347255537939875,0.18387136897906725,0.95,6.12318517,20,0.12525328905898492,1.0
CORAREI1,2021-05,0.07272715569881716,0.05477815804055071,1.0,12.51326002,20,0.18387136897906725,0.95
CORAREI1,2021-06,0.021756809708633806,0.1803961241772439,1.0,6.802271350000001,21,0.05477815804055071,1.0
CORAREI1,2021-07,-0.08734011864025815,0.11757589600132307,1.0,5.680174649999999,19,0.1803961241772439,1.0
CORAREI1,2021-08,0.04081620765653615,0.1363379362981176,0.9523809523809523,3.5470728399999993,21,0.11757589600132307,1.0
CORAREI1,2021-09,0.056588316553009665,0.02931952407092561,1.0,5.15000483,21,0.1363379362981176,0.9523809523809523
CORAREI1,2021-10,0.405660508090395,0.250562542048129,1.0,7.867884269999999,20,0.02931952407092561,1.0
CORAREI1,2021-11,0.21476495834535747,0.06943484740533468,1.0,9.07262544,20,0.250562542048129,1.0
CORAREI1,2021-12,-0.04419883484645737,0.05531167908291949,1.0,7.51302695,20,0.06943484740533468,1.0
CORAREI1,2022-01,0.08139547506352218,0.05440181887180877,1.0,8.81216847,20,0.05531167908291949,1.0
CORAREI1,2022-02,0.010752723648698614,0.02975269962517313,1.0,5.60480383,19,0.05440181887180877,1.0
CORAREI1,2022-03,-0.021276734648067563,0.08843395088684616,1.0,4.8908304000000005,23,0.02975269962517313,1.0
CORAREI1,2022-04,-0.15777833380073325,0.08924619925876091,0.9473684210526315,11.255727969999999,19,0.08843395088684616,1.0
CORAREI1,2022-05,-0.0718954352996608,0.1735550243349258,1.0,4.22049979,21,0.08924619925876091,0.9473684210526315
CORAREI1,2022-06,-0.07746480087927732,0.18312774849871655,1.0,2.80812193,20,0.1735550243349258,1.0
CORAREI1,2022-07,0.06870235542920011,0.36523368061713046,0.9444444444444444,1.85969197,18,0.18312774849871655,1.0
CORAREI1,2022-08,0.005958330452032756,0.24445230189549924,1.0,3.14336183,22,0.36523368061713046,0.9444444444444444
CORAREI1,2022-09,-2.220446049250313e-16,0.31719504807023924,1.0,1.7406748799999998,21,0.24445230189549924,1.0
CORAREI1,2022-10,0.042857067015128925,0.1785757978163121,1.0,12.68309328,21,0.31719504807023924,1.0
CORAREI1,2022-11,-0.035279971927059894,0.27460942780209624,1.0,2.94796463,20,0.1785757978163121,1.0
CORAREI1,2022-12,2.220446049250313e-16,0.30534603539545657,1.0,1.7989791,19,0.27460942780209624,1.0
CORAREI1,2023-01,-0.07142869490367165,0.12918638585493872,1.0,2.7501717799999996,20,0.30534603539545657,1.0
CORAREI1,2023-02,-0.03076922926184189,0.21781963741103388,0.8421052631578947,0.9141108599999999,19,0.12918638585493872,1.0
CORAREI1,2023-03,-0.007936532808038965,0.05619327253010858,0.9565217391304348,0.92058637,23,0.21781963741103388,0.8421052631578947
CORAREI1,2023-04,-0.06751155590907865,0.3205625415520504,1.0,1.1001561400000002,18,0.05619327253010858,0.9565217391304348
CORAREI1,2023-05,0.017241384962599415,0.3199092426851392,0.9047619047619048,1.1633447799999999,21,0.3205625415520504,1.0
CORAREI1,2023-06,-0.059321891879116295,0.16522624398214683,1.0,2.10008744,19,0.3199092426851392,0.9047619047619048
CORAREI1,2023-07,-0.018018135303773386,0.45242654901008905,0.9473684210526315,0.67239429,19,0.16522624398214683,1.0
CORAREI1,2023-08,0.011810657339521136,0.27331670382918083,1.0,1.0255718399999998,22,0.45242654901008905,0.9473684210526315
CORAREI1,2023-09,-0.06363625496844838,0.12262346390097197,0.95,1.48533054,20,0.27331670382918083,1.0
CORAREI1,2023-10,-0.12621359878753968,0.49077860251648436,0.7727272727272727,0.84420571,22,0.12262346390097197,0.95
CORAREI1,2023-11,0.10259546535817243,0.5575281629577348,0.95,1.04606406,20,0.49077860251648436,0.7727272727272727
CORAREI1,2023-12,-0.04040400372615627,0.43570540974283734,0.9473684210526315,1.08439138,19,0.5575281629577348,0.95
CORAREI1,2024-01,0.073684091031603,0.3592267225571638,1.0,1.44029858,21,0.43570540974283734,0.9473684210526315
CORAREI1,2024-02,0.09803941208764111,0.18187400057342826,1.0,1.54638355,20,0.3592267225571638,1.0
CORAREI1,2024-03,-0.008928660920469178,0.14951884622480557,0.8421052631578947,1.0914114799999999,19,0.18187400057342826,1.0
CORAREI1,2024-04,-0.05061070680902802,0.5755787892247223,0.7727272727272727,0.57194771,22,0.14951884622480557,0.8421052631578947
CORAREI1,2024-05,-0.03809515887101367,0.45368928625048255,1.0,1.16333751,21,0.5755787892247223,0.7727272727272727
CORAREI1,2024-06,-0.02970298384897685,0.573204473878007,1.0,1.8073897100000003,18,0.45368928625048255,1.0
CORAREI1,2024-07,0.1224489089286267,0.0897416308787055,1.0,2.07093944,20,0.573204473878007,1.0
CORAREI1,2024-08,-0.022389150199419006,0.1818199356234311,1.0,2.19472401,20,0.0897416308787055,1.0
CORAREI1,2024-09,-0.037383226173791195,0.5365347597166521,1.0,0.9816506899999999,20,0.1818199356234311,1.0
CORAREI1,2024-10,0.009708766152822346,0.23233789496766274,0.9545454545454546,0.79014191,22,0.5365347597166521,1.0
CORAREI1,2024-11,0.006747123053519433,0.28136786644105066,1.0,0.70123046,19,0.23233789496766274,0.9545454545454546
CORAREI1,2024-12,-0.028846273853017745,0.2553555065397806,1.0,0.6228220600000001,19,0.28136786644105066,1.0
CORAREI1,2025-01,-0.03846155913257687,0.3234638176276286,1.0,1.25504437,20,0.2553555065397806,1.0
CORAREI1,2025-02,0.009999896905718675,0.17446726678509897,1.0,0.29469565000000003,19,0.3234638176276286,1.0
CORAREI1,2025-03,-0.01980190105235391,0.40818046117309503,0.9523809523809523,2.37473967,21,0.17446726678509897,1.0
CORAREI1,2025-04,-0.022850496099680484,0.34778224098512645,1.0,0.8924522100000001,20,0.40818046117309503,0.9523809523809523
CORAREI1,2025-05,0.1145834229448548,0.20497218115804725,1.0,2.65200644,20,0.34778224098512645,1.0
CORAREI1,2025-06,-0.06542061188728776,0.43045712083944215,0.9,1.9765705300000003,20,0.20497218115804725,1.0
CORAREI1,2025-07,0.030000033897229494,0.34404401298047954,1.0,0.96253816,19,0.43045712083944215,0.9
CORAREI1,2025-08,-0.051762652865877334,0.05265752268408386,1.0,3.29631763,20,0.34404401298047954,1.0
CORAREI1,2025-09,0.010309260135334064,0.1620420275106664,1.0,1.3646431399999999,21,0.05265752268408386,1.0
CORAREI1,2025-10,0.020408190033316398,0.1250594986028658,1.0,3.264901369999999,22,0.1620420275106664,1.0
CORAREI1,2025-11,0.021785935754859986,0.3079494153393601,1.0,3.98672751,19,0.1250594986028658,1.0
CORAREI1,2025-12,0.13861378606075192,0.27526024025996204,1.0,1.9634177800000003,19,0.3079494153393601,1.0
CPACASC1,2018-01,0.037267216451531304,0.01105602040092606,1.0,40.121369550000004,21,,
CPACASC1,2018-02,-0.05389223580362201,0.011604412804918494,1.0,36.19762548,18,0.01105602040092606,1.0
CPACASC1,2018-03,0.01898723025098814,0.0429338514961988,0.9,20.347959539999998,20,0.011604412804918494,1.0
CPACASC1,2018-04,0.012422327591878002,0.023919443030141978,1.0,61.64138331,20,0.0429338514961988,0.9
CPACASC1,2018-05,-0.03680966266844388,0.021738940050337573,1.0,41.39425211,21,0.023919443030141978,1.0
CPACASC1,2018-06,-0.003821729389760442,0.05747201459843567,1.0,37.03504862,20,0.021738940050337573,1.0
CPACASC1,2018-07,-0.028132952953663914,0.013574461979005973,1.0,59.73677107,21,0.05747201459843567,1.0
CPACASC1,2018-08,-0.05263174504091206,0.05473563761442184,1.0,9.55986972,21,0.013574461979005973,1.0
CPACASC1,2018-09,0.006944557386114214,0.06309664798375182,0.9473684210526315,10.36630849,19,0.05473563761442184,1.0
CPACASC1,2018-10,-0.05517246165915057,0.09472644756188471,1.0,28.277168580000005,22,0.06309664798375182,0.9473684210526315
CPACASC1,2018-11,0.0017233265241041185,0.07817111770649013,1.0,10.333623399999999,20,0.09472644756188471,1.0
CPACASC1,2018-12,2.220446049250313e-16,0.029588722262912592,1.0,44.23407317,18,0.07817111770649013,1.0
CPACASC1,2019-01,0.04651182868062431,0.061172389814200236,1.0,12.32085516,21,0.029588722262912592,1.0
CPACASC1,2019-02,-0.032592643434352864,0.09584837533073175,1.0,18.426012560000004,19,0.061172389814200236,1.0
CPACASC1,2019-03,0.0030627362586024276,0.027341584372666723,0.9523809523809523,10.4060153,21,0.09584837533073175,1.0
CPACASC1,2019-04,-0.022900758167046287,0.05698210222951566,0.95,3.76544615,20,0.027341584372666723,0.9523809523809523
CPACASC1,2019-05,-0.09062482120033899,0.068226180203048,0.9523809523809523,20.65714017,21,0.05698210222951566,0.95
CPACASC1,2019-06,-0.020618823415588183,0.109241461320154,0.95,6.8431858,20,0.068226180203048,0.9523809523809523
CPACASC1,2019-07,0.052631648874437165,0.12998037982786603,1.0,18.82986145,21,0.109241461320154,0.95
CPACASC1,2019-08,-0.0416666078885124,0.12319674455526348,0.9047619047619048,20.417450170000002,21,0.12998037982786603,1.0
CPACASC1,2019-09,0.03130421497471936,0.03235624210286127,1.0,6.370638219999999,20,0.12319674455526348,0.9047619047619048
CPACASC1,2019-10,0.13490728040165334,0.09816024376893234,1.0,35.058837409999995,22,0.03235624210286127,1.0
CPACASC1,2019-11,-0.056463523843950036,0.10303429989478342,0.9473684210526315,18.44960161,19,0.09816024376893234,1.0
CPACASC1,2019-12,0.02622937662962843,0.09481701941245158,1.0,8.306266260000001,20,0.10303429989478342,0.9473684210526315
CPACASC1,2020-01,-0.001626164875262348,0.15550267130285414,0.9523809523809523,32.7743446,21,0.09481701941245158,1.0
CPACASC1,2020-02,-0.047231143562307176,0.07366706771987223,1.0,7.11725201,19,0.15550267130285414,0.9523809523809523
CPACASC1,2020-03,-0.1794872015999175,0.19876397937397408,0.9545454545454546,10.89627573,22,0.07366706771987223,1.0
CPACASC1,2020-04,-0.15624992336121735,0.04165964002063312,1.0,14.1290813,20,0.19876397937397408,0.9545454545454546
CPACASC1,2020-05,0.17283941261836677,0.0965016742447909,0.9473684210526315,28.39809353,19,0.04165964002063312,1.0
CPACASC1,2020-06,0.22736832117704453,0.09385697778632966,1.0,16.106825909999998,21,0.0965016742447909,0.9473684210526315
CPACASC1,2020-07,-0.013722084626708542,0.06137084930592435,0.8571428571428571,15.59751518,21,0.09385697778632966,1.0
CPACASC1,2020-08,-0.04347828948027366,0.1365952930169028,0.7619047619047619,2.7678273200000003,21,0.06137084930592435,0.8571428571428571
CPACASC1,2020-09,-0.02181811427326119,0.16550508942905987,0.8095238095238095,5.83467825,21,0.1365952930169028,0.7619047619047619
CPACASC1,2020-10,0.003717421281332234,0.19680085886900686,0.8636363636363636,9.54890343,22,0.16550508942905987,0.8095238095238095
CPACASC1,2020-11,0.09629630783041176,0.14775863411909163,0.95,15.474786199999999,20,0.19680085886900686,0.8636363636363636
CPACASC1,2020-12,-0.05923923572466161,0.11030560740963043,1.0,14.101393579999998,20,0.14775863411909163,0.95
CPACASC1,2021-01,0.08490559411730514,0.027981724606482815,1.0,24.211450080000002,19,0.11030560740963043,1.0
CPACASC1,2021-02,0.05217411007508521,0.041255964794183086,1.0,24.796618389999995,19,0.027981724606482815,1.0
CPACASC1,2021-03,-0.0330579253040979,0.02259611642664182,1.0,16.861139630000004,23,0.041255964794183086,1.0
CPACASC1,2021-04,-0.06837615764100136,0.04595684085033577,0.95,12.304252140000001,20,0.02259611642664182,1.0
CPACASC1,2021-05,0.05504585589390665,0.0461631945904673,1.0,20.64645263,20,0.04595684085033577,0.95
CPACASC1,2021-06,0.020168718164442323,0.03480568540436105,1.0,30.718277899999997,21,0.0461631945904673,1.0
CPACASC1,2021-07,-0.027450875438539857,0.03325641555495874,0.8947368421052632,8.77789039,19,0.03480568540436105,1.0
CPACASC1,2021-08,-0.11290334935179491,0.09866678308662273,0.9523809523809523,14.070558600000004,21,0.03325641555495874,0.8947368421052632
CPACASC1,2021-09,0.02272716370331329,0.06441465908336516,0.9523809523809523,6.392008069999998,21,0.09866678308662273,0.9523809523809523
CPACASC1,2021-10,0.10000007817422496,0.039768007179581934,1.0,41.94089453,20,0.06441465908336516,0.9523809523809523
CPACASC1,2021-11,0.04242429626323685,0.08800746078825517,0.95,7.072752489999999,20,0.039768007179581934,1.0
CPACASC1,2021-12,-0.0406977239645262,0.03180065912835399,1.0,16.55299712,20,0.08800746078825517,0.95
CPACASC1,2022-01,0.016161809264143345,0.061217104181159575,1.0,18.54443397,20,0.03180065912835399,1.0
CPACASC1,2022-02,-0.015904759573522775,0.14557804946250139,1.0,14.0253835,19,0.061217104181159575,1.0
CPACASC1,2022-03,0.010101104139787598,0.031233195532346353,1.0,8.923138199999999,23,0.14557804946250139,1.0
CPACASC1,2022-04,-0.08000010412805059,0.08455479198915895,1.0,12.442686829999998,19,0.031233195532346353,1.0
CPACASC1,2022-05,-0.16304339347361108,0.13118617591115592,1.0,12.46567999,21,0.08455479198915895,1.0
CPACASC1,2022-06,-0.051948074494501784,0.19610150584793298,0.95,5.3548724000000005,20,0.13118617591115592,1.0
CPACASC1,2022-07,0.08219177025981783,0.5477430616877749,1.0,7.5537914299999995,18,0.19610150584793298,0.95
CPACASC1,2022-08,-0.012658166972169371,0.1782772091435196,1.0,8.56869833,22,0.5477430616877749,1.0
CPACASC1,2022-09,-0.02820513514366718,0.24341318254449082,1.0,3.56636569,21,0.1782772091435196,1.0
CPACASC1,2022-10,0.11873339584382636,0.06041149352029029,1.0,7.866319929999999,21,0.24341318254449082,1.0
CPACASC1,2022-11,0.05127948565862117,0.07300892716993877,1.0,9.32815674,20,0.06041149352029029,1.0
CPACASC1,2022-12,-0.019851210429555066,0.24820206834897937,1.0,16.47960117,19,0.07300892716993877,1.0
CPACASC1,2023-01,0.0253164771000689,0.20180773560292084,0.95,5.34849455,20,0.24820206834897937,1.0
CPACASC1,2023-02,4.440892098500626e-16,0.05079420455365318,1.0,9.643383140000001,19,0.20180773560292084,0.95
CPACASC1,2023-03,-0.01234572845789772,0.15377030004098677,1.0,1.5075523300000002,23,0.05079420455365318,1.0
CPACASC1,2023-04,-0.012499971176604285,0.1324891057047829,1.0,21.386650209999996,18,0.15377030004098677,1.0
CPACASC1,2023-05,0.005063295420014047,0.09145484204514683,1.0,2.10036133,21,0.1324891057047829,1.0
CPACASC1,2023-06,-0.03778336704115748,0.07571591858974708,1.0,2.2606144000000006,19,0.09145484204514683,1.0
CPACASC1,2023-07,0.013088974503696393,0.16272745038182557,1.0,1.60632331,19,0.07571591858974708,1.0
CPACASC1,2023-08,-0.010335926231831771,0.10515798260610358,1.0,21.66164007,22,0.16272745038182557,1.0
CPACASC1,2023-09,-0.005221936668104998,0.046340152453811,1.0,7.25998339,20,0.10515798260610358,1.0
CPACASC1,2023-10,-0.018372594299068568,0.07378892196173331,1.0,3.242167,22,0.046340152453811,1.0
CPACASC1,2023-11,0.057904712532715674,0.09738556446191114,1.0,14.335458740000002,20,0.07378892196173331,1.0
CPACASC1,2023-12,0.0647888025903498,0.10977551657655321,1.0,2.3499592999999996,19,0.09738556446191114,1.0
CPACASC1,2024-01,0.04497352180591374,0.038909557740834454,1.0,9.82809162,21,0.10977551657655321,1.0
CPACASC1,2024-02,0.10126578986285906,0.021609265585757,1.0,14.553620879999999,20,0.038909557740834454,1.0
CPACASC1,2024-03,-0.01149421667927819,0.11115939722487975,1.0,28.321452730000004,19,0.021609265585757,1.0
CPACASC1,2024-04,-0.041860557409865495,0.11877787787253574,1.0,28.167796980000006,22,0.11115939722487975,1.0
CPACASC1,2024-05,0.03155346681830129,0.23685298343472566,1.0,3.2061585000000004,21,0.11877787787253574,1.0
CPACASC1,2024-06,0.0,0.06463916478524691,1.0,2.43536067,18,0.23685298343472566,1.0
CPACASC1,2024-07,0.02352940465515929,0.10432202039487826,1.0,9.29283283,20,0.06463916478524691,1.0
CPACASC1,2024-08,-0.0160919427122741,0.06743225323671488,1.0,19.69187004,20,0.10432202039487826,1.0
CPACASC1,2024-09,0.028037334573312034,0.07047670953296095,1.0,20.94692993,20,0.06743225323671488,1.0
CPACASC1,2024-10,0.07954553119424035,0.06301662264722381,1.0,21.458205430000003,22,0.07047670953296095,1.0
CPACASC1,2024-11,0.007113145263548004,0.09805446852510172,1.0,4.48770519,19,0.06301662264722381,1.0
CPACASC1,2024-12,-0.034324997940465174,0.04352363761554536,1.0,15.51094065,19,0.09805446852510172,1.0
CPACASC1,2025-01,-0.0165484738468068,0.11309422905486166,1.0,2.8066043200000004,20,0.04352363761554536,1.0
CPACASC1,2025-02,0.02163463828136125,0.149431620666191,1.0,2.16510208,19,0.11309422905486166,1.0
CPACASC1,2025-03,0.023529408878223634,0.1459334171593011,1.0,50.91752746000001,21,0.149431620666191,1.0
CPACASC1,2025-04,-0.03448281441543921,0.04475963954188552,1.0,12.019092259999999,20,0.1459334171593011,1.0
CPACASC1,2025-05,0.002381051541927137,0.023202535369408295,1.0,5.88468315,20,0.04475963954188552,1.0
CPACASC1,2025-06,0.009501148966506667,0.043488043890071534,1.0,8.14381428,20,0.023202535369408295,1.0
CPACASC1,2025-07,0.0188235148350282,0.01949347744847436,1.0,4.057200519999999,19,0.043488043890071534,1.0
CPACASC1,2025-08,0.06235566348215005,0.04629549499082812,1.0,54.4242105,20,0.01949347744847436,1.0
CPACASC1,2025-09,0.0021740034702910638,0.03573845348777438,1.0,5.562768639999999,21,0.04629549499082812,1.0
CPACASC1,2025-10,0.043383826011861526,0.019226989622519397,1.0,10.441664999999997,22,0.03573845348777438,1.0
CPACASC1,2025-11,-0.011171646265092483,0.11336023805574369,1.0,11.22079373,19,0.019226989622519397,1.0
CPACASC1,2025-12,0.034482781300221976,0.05965013446848125,1.0,66.93955437999999,19,0.11336023805574369,1.0
CREDITC1,2018-01,0.0583336445056204,0.05249480131177951,0.9047619047619048,3.2994152900000002,21,,
CREDITC1,2018-02,2.220446049250313e-16,0.04803455245083674,0.9444444444444444,5.09905368,18,0.05249480131177951,0.9047619047619048
CREDITC1,2018-03,0.007873780243859319,0.2667607537974856,0.9,1.95241555,20,0.04803455245083674,0.9444444444444444
CREDITC1,2018-04,0.03751922737803559,0.24976419551993365,0.9,4.50970926,20,0.2667607537974856,0.9
CREDITC1,2018-05,0.054263585433142136,0.10103763722081598,0.9523809523809523,1472.4158280500005,21,0.24976419551993365,0.9
CREDITC1,2018-06,0.04047603238170905,0.20431150691236696,0.95,99.03175497,20,0.10103763722081598,0.9523809523809523
CREDITC1,2018-07,-0.04218748232226055,0.02149943238919873,1.0,5.442096520000001,21,0.20431150691236696,0.95
CREDITC1,2018-08,-0.02936371029816298,0.38729197121159004,0.9523809523809523,7.0985686900000005,21,0.02149943238919873,1.0
CREDITC1,2018-09,-0.025209986563255016,0.08680573454291565,0.9473684210526315,10.25804776,19,0.38729197121159004,0.9523809523809523
CREDITC1,2018-10,-0.025862356517743934,0.04869414580482368,1.0,5.392165460000001,22,0.08680573454291565,0.9473684210526315
CREDITC1,2018-11,0.008849658529875626,0.1615503204586769,0.95,6.006693450000001,20,0.04869414580482368,1.0
CREDITC1,2018-12,0.026315888717131974,0.37020042630597555,0.9444444444444444,4.072850509999999,18,0.1615503204586769,0.95
CREDITC1,2019-01,0.017094015441047716,0.01876133242375159,1.0,8.811614420000002,21,0.37020042630597555,0.9444444444444444
CREDITC1,2019-02,0.008403455619146794,0.10280476797311938,1.0,3.31107734,19,0.01876133242375159,1.0
CREDITC1,2019-03,0.016666474961443578,0.09941038266946,1.0,2.69221557,21,0.10280476797311938,1.0
CREDITC1,2019-04,0.008216474011382813,0.12013740439077153,0.95,10.35785807,20,0.09941038266946,1.0
CREDITC1,2019-05,0.003344758160390482,0.0978070589832168,0.9523809523809523,516.9183700599999,21,0.12013740439077153,0.95
CREDITC1,2019-06,0.02907373018034587,0.2934861964915232,1.0,5.14160925,20,0.0978070589832168,0.9523809523809523
CREDITC1,2019-07,-0.018868114460663832,0.2190905263698316,1.0,5.07688388,21,0.2934861964915232,1.0
CREDITC1,2019-08,-0.038461660687566845,0.13933700545189445,1.0,9.22063185,21,0.2190905263698316,1.0
CREDITC1,2019-09,0.027999894240249068,0.07825864094610091,0.95,4.75302652,20,0.13933700545189445,1.0
CREDITC1,2019-10,0.045236603665437025,0.0665822253974136,1.0,4.88690451,22,0.07825864094610091,0.95
CREDITC1,2019-11,-0.013157798761598616,0.30998316567548057,1.0,2.14298985,19,0.0665822253974136,1.0
CREDITC1,2019-12,0.028571128336670304,0.05658243590467485,0.95,1.69958485,20,0.30998316567548057,1.0
CREDITC1,2020-01,-0.02037013917231456,0.14341707922604585,1.0,1.97162008,21,0.05658243590467485,0.95
CREDITC1,2020-02,-0.0170132844725307,0.1587209079203125,0.9473684210526315,2.32926474,19,0.14341707922604585,1.0
CREDITC1,2020-03,-0.07692296626588524,0.1920799661407041,0.8181818181818182,2.92881044,22,0.1587209079203125,0.9473684210526315
CREDITC1,2020-04,0.003766608394673465,0.06104674352254865,0.7,1.30472955,20,0.1920799661407041,0.8181818181818182
CREDITC1,2020-05,-0.0597014186741851,0.10491455906371347,0.9473684210526315,0.94684322,19,0.06104674352254865,0.7
CREDITC1,2020-06,0.07709745582554595,0.1120340395939074,0.9047619047619048,2.4952255900000004,21,0.10491455906371347,0.9473684210526315
CREDITC1,2020-07,-0.0947368895060764,0.5103228488706696,0.9047619047619048,0.7013190899999999,21,0.1120340395939074,0.9047619047619048
CREDITC1,2020-08,-0.011628078038556255,0.2506751796269458,0.8095238095238095,0.49611407999999996,21,0.5103228488706696,0.9047619047619048
CREDITC1,2020-09,0.057704220560572006,0.5120414117001659,0.7142857142857143,1.2430959099999999,21,0.2506751796269458,0.8095238095238095
CREDITC1,2020-10,-0.1084335946674867,0.390549590624933,0.8636363636363636,0.3882035,22,0.5120414117001659,0.7142857142857143
CREDITC1,2020-11,-0.008108020641653169,0.3364470922864376,0.95,6.0830691,20,0.390549590624933,0.8636363636363636
CREDITC1,2020-12,0.03542218704343547,0.24554517510788376,0.9,1.2932861500000001,20,0.3364470922864376,0.95
CREDITC1,2021-01,0.02631594950155791,0.1661589390300806,0.8947368421052632,1.59178695,19,0.24554517510788376,0.9
CREDITC1,2021-02,-0.017948845843210992,0.16179764724434612,1.0,2.3908400100000002,19,0.1661589390300806,0.8947368421052632
CREDITC1,2021-03,0.015665737628650644,0.17549862243675682,1.0,2.9060130699999998,23,0.16179764724434612,1.0
CREDITC1,2021-04,-0.32816836467542654,0.21722805238167614,1.0,5.62654059,20,0.17549862243675682,1.0
CREDITC1,2021-05,0.03448277525149823,0.11205204431419065,1.0,15.820785840000001,20,0.21722805238167614,1.0
CREDITC1,2021-06,-0.18518550463015526,0.16261254765527192,1.0,9.7652237,21,0.11205204431419065,1.0
CREDITC1,2021-07,0.07727288895568574,0.268536663005169,1.0,6.2601266099999995,19,0.16261254765527192,1.0
CREDITC1,2021-08,-0.059071860313331226,0.34540578233925645,1.0,3.57174847,21,0.268536663005169,1.0
CREDITC1,2021-09,0.11659221513091289,0.17385775488664715,1.0,5.295384309999999,21,0.34540578233925645,1.0
CREDITC1,2021-10,0.14457823001205372,0.17886208445206017,1.0,3.4726640200000003,20,0.17385775488664715,1.0
CREDITC1,2021-11,0.004647865260713369,0.16113483936626102,1.0,1.83957221,20,0.17886208445206017,1.0
CREDITC1,2021-12,0.035714340668781874,0.22061111367165132,1.0,1.45835244,20,0.16113483936626102,1.0
CREDITC1,2022-01,0.10344821731364351,0.29160017848943476,0.95,2.7072511399999994,20,0.22061111367165132,1.0
CREDITC1,2022-02,-0.05937494390061837,0.28549068706053715,1.0,1.81434133,19,0.29160017848943476,0.95
CREDITC1,2022-03,0.11960149217209493,0.34521364637689744,1.0,2.5922463700000002,23,0.28549068706053715,1.0
CREDITC1,2022-04,-0.05427741051633472,0.5601506321948185,0.9473684210526315,0.6852903499999999,19,0.34521364637689744,1.0
CREDITC1,2022-05,-0.12052111015223366,0.3153768622208232,1.0,1.0703372199999999,21,0.5601506321948185,0.9473684210526315
CREDITC1,2022-06,0.011111351841005535,0.38346218521763636,1.0,0.60508027,20,0.3153768622208232,1.0
CREDITC1,2022-07,-0.04761929581519675,0.2951376442110232,0.9444444444444444,1.3110555400000001,18,0.38346218521763636,1.0
CREDITC1,2022-08,0.1090034104207398,0.3845340915650935,1.0,2.3598111200000003,22,0.2951376442110232,0.9444444444444444
CREDITC1,2022-09,-0.08582067993112885,0.38021237065292385,1.0,1.6799750999999998,21,0.3845340915650935,1.0
CREDITC1,2022-10,4.440892098500626e-16,0.14493092885279668,1.0,2.30858277,21,0.38021237065292385,1.0
CREDITC1,2022-11,0.023851649912494777,0.2711488801105668,1.0,3.11732829,20,0.14493092885279668,1.0
CREDITC1,2022-12,0.06122454508961006,0.1328877802591934,1.0,7.80908969,19,0.2711488801105668,1.0
CREDITC1,2023-01,0.04230777431409982,0.31220569473159265,1.0,2.4724738600000005,20,0.1328877802591934,1.0
CREDITC1,2023-02,-0.04059048138822563,0.06050955572291043,1.0,2.3275146,19,0.31220569473159265,1.0
CREDITC1,2023-03,0.0769231193859421,0.1603008608388869,1.0,3.09390865,23,0.06050955572291043,1.0
CREDITC1,2023-04,0.02061902106824043,0.6385838479842111,1.0,1.9856530299999997,18,0.1603008608388869,1.0
CREDITC1,2023-05,0.04166672682986228,0.204432413352356,1.0,1.4440107299999998,21,0.6385838479842111,1.0
CREDITC1,2023-06,-0.007272819537284314,0.3116514305569221,1.0,1.2316124899999998,20,0.204432413352356,1.0
CREDITC1,2023-07,0.021977938586056567,0.1471814053970209,1.0,1.68525398,19,0.3116514305569221,1.0
CREDITC1,2023-08,-0.01093611682014406,0.33082781084826623,1.0,1.2265979299999998,22,0.1471814053970209,1.0
CREDITC1,2023-09,-0.023166037311571408,0.06962968730647885,1.0,1.18118068,20,0.33082781084826623,1.0
CREDITC1,2023-10,-0.011857745664586528,0.26259633301643787,1.0,1.5998480499999999,22,0.06962968730647885,1.0
CREDITC1,2023-11,0.01803353447681033,0.152468018885439,1.0,1.8073409200000001,20,0.26259633301643787,1.0
CREDITC1,2023-12,0.11553774828017427,0.1473192970622584,1.0,1.07778483,19,0.152468018885439,1.0
CREDITC1,2024-01,0.010714339721801691,0.07310455747509875,1.0,2.6885944900000003,21,0.1473192970622584,1.0
CREDITC1,2024-02,0.11307422678400503,0.10759367491075496,1.0,1.9659447100000003,20,0.07310455747509875,1.0
CREDITC1,2024-03,0.022222235209536034,0.11217271569931365,1.0,1.7637025100000003,19,0.10759367491075496,1.0
CREDITC1,2024-04,-0.019725721067995194,0.10478769271101974,1.0,5.6590719499999995,22,0.11217271569931365,1.0
CREDITC1,2024-05,0.10763875084458818,0.1665568506343789,1.0,2.60558575,21,0.10478769271101974,1.0
CREDITC1,2024-06,0.015674030985268317,0.15876498680227386,1.0,3.3642207099999997,18,0.1665568506343789,1.0
CREDITC1,2024-07,0.0617284153293951,0.09977110367710101,1.0,2.1388317000000003,20,0.15876498680227386,1.0
CREDITC1,2024-08,-0.026162855754965908,0.10296941063651463,1.0,2.9947225799999995,20,0.09977110367710101,1.0
CREDITC1,2024-09,0.0029850172524301666,0.14534586041828051,1.0,2.98758354,20,0.10296941063651463,1.0
CREDITC1,2024-10,0.15178572172485794,0.13149852272273013,1.0,2.8719606699999995,22,0.14534586041828051,1.0
CREDITC1,2024-11,0.04347736764684096,0.24599918333510978,1.0,2.1617700600000003,19,0.13149852272273013,1.0
CREDITC1,2024-12,4.440892098500626e-16,0.10612387280885943,1.0,13.431283609999998,19,0.24599918333510978,1.0
CREDITC1,2025-01,-0.027499956325617303,0.09357857204619303,1.0,2.8288416199999995,20,0.10612387280885943,1.0
CREDITC1,2025-02,0.030848330514853473,0.09457312967671888,1.0,2.85516752,19,0.09357857204619303,1.0
CREDITC1,2025-03,0.07231922837951377,0.06784283467078975,1.0,5.60026552,21,0.09457312967671888,1.0
CREDITC1,2025-04,0.08981122672416753,0.09482791860949114,1.0,4.21727448,20,0.06784283467078975,1.0
CREDITC1,2025-05,0.013953440482930457,0.06260189366088827,1.0,2.7461453099999997,20,0.09482791860949114,1.0
CREDITC1,2025-06,0.055045801957060325,0.11786340961762376,1.0,2.7369174200000006,20,0.06260189366088827,1.0
CREDITC1,2025-07,-0.00869562331429763,0.17947304758238375,1.0,2.8159746599999997,19,0.11786340961762376,1.0
CREDITC1,2025-08,0.026315812968199737,0.08353324765471294,1.0,4.47953626,20,0.17947304758238375,1.0
CREDITC1,2025-09,-0.008547088473668585,0.03372246504068194,1.0,5.88446751,21,0.08353324765471294,1.0
CREDITC1,2025-10,-0.004310330645494909,0.05615263659199246,1.0,3.2940934700000004,22,0.03372246504068194,1.0
CREDITC1,2025-11,0.038961130513966324,0.0899465771920474,1.0,1.7756913499999998,19,0.05615263659199246,1.0
CREDITC1,2025-12,0.16666663132700177,0.16486164560910477,1.0,3.13931959,19,0.0899465771920474,1.0
CVERDEC1,2018-01,-0.023568622627604396,0.015544234501206806,1.0,18.681148347824998,21,,
CVERDEC1,2018-02,0.015516984681083201,0.02437592504792565,1.0,11.207077574385,18,0.015544234501206806,1.0
CVERDEC1,2018-03,-0.015279886909971507,0.0906522679398302,1.0,9.002639409990001,20,0.02437592504792565,1.0
CVERDEC1,2018-04,-0.0010774344149281356,0.03618658991123305,1.0,17.107961966165004,20,0.0906522679398302,1.0
CVERDEC1,2018-05,-0.017605636159235605,0.06207836702667426,0.9523809523809523,9.94211074311,21,0.03618658991123305,1.0
CVERDEC1,2018-06,-0.12903231457094577,0.0687997790593847,0.95,15.611351978340002,20,0.06207836702667426,0.9523809523809523
CVERDEC1,2018-07,0.06995883946003989,0.09788938349077268,1.0,7.695145085260001,21,0.0687997790593847,0.95
CVERDEC1,2018-08,-0.15384618597791888,0.07334254981838302,0.9047619047619048,8.24106622687,21,0.09788938349077268,1.0
CVERDEC1,2018-09,-0.4217197771168031,0.29875709879714907,0.8947368421052632,4.699417954204999,19,0.07334254981838302,0.9047619047619048
CVERDEC1,2018-10,-0.12236813556237947,0.10508526785747357,0.9545454545454546,4.78224214435,22,0.29875709879714907,0.8947368421052632
CVERDEC1,2018-11,0.07446264167441119,0.17279885726538124,0.9,2.5489931879050007,20,0.10508526785747357,0.9545454545454546
CVERDEC1,2018-12,-0.03255818153208756,0.11284218539005056,1.0,5.414698365925,18,0.17279885726538124,0.9
CVERDEC1,2019-01,-0.004807875872946288,0.031112926197990047,1.0,8.825649825165,21,0.11284218539005056,1.0
CVERDEC1,2019-02,0.15942056929551418,0.12407527020450254,0.9473684210526315,6.980182848195,19,0.031112926197990047,1.0
CVERDEC1,2019-03,-0.0012500929084883206,0.028816585371556857,1.0,5.55201879173,21,0.12407527020450254,0.9473684210526315
CVERDEC1,2019-04,0.002200651926709485,0.054759396681100705,0.9,5.572832713665,20,0.028816585371556857,1.0
CVERDEC1,2019-05,-0.16101705738686756,0.18025899901749173,0.8571428571428571,5.46226280607,21,0.054759396681100705,0.9
CVERDEC1,2019-06,0.08636353042878331,0.1319738467181727,0.95,4.6735987489649995,20,0.18025899901749173,0.8571428571428571
CVERDEC1,2019-07,-0.06555069330747065,0.13355806855541288,0.8571428571428571,3.4802684666299997,21,0.1319738467181727,0.95
CVERDEC1,2019-08,-0.05472646422116734,0.3774145291614386,0.9047619047619048,3.157320526975001,21,0.13355806855541288,0.8571428571428571
CVERDEC1,2019-09,-0.052631663918472626,0.22821367753459001,0.95,4.064274734414999,20,0.3774145291614386,0.9047619047619048
CVERDEC1,2019-10,-0.0005554764816788627,0.33027200136795265,0.9545454545454546,2.85694162187,22,0.22821367753459001,0.95
CVERDEC1,2019-11,0.0011117928176276326,0.15277428767139797,1.0,2.850369855095,19,0.33027200136795265,0.9545454545454546
CVERDEC1,2019-12,0.0716267399169479,0.09183070433987374,0.95,19.439272000930004,20,0.15277428767139797,1.0
CVERDEC1,2020-01,-0.041450681246358645,0.08306680684325216,0.8571428571428571,5.43691137003,21,0.09183070433987374,0.95
CVERDEC1,2020-02,-0.10810813538564756,0.17792500160912933,0.8947368421052632,4.6859675316,19,0.08306680684325216,0.8571428571428571
CVERDEC1,2020-03,-0.1515152347934151,0.048945498433894216,0.9090909090909091,7.38248003352,22,0.17792500160912933,0.8947368421052632
CVERDEC1,2020-04,0.039285743544956064,0.1194315677563309,0.95,5.580732399310001,20,0.048945498433894216,0.9090909090909091
CVERDEC1,2020-05,0.0714776627892566,0.34165919747371903,0.8421052631578947,2.159265348305,19,0.1194315677563309,0.95
CVERDEC1,2020-06,0.18665823401831116,0.19004435544107884,1.0,3.6592453241749996,21,0.34165919747371903,0.8421052631578947
CVERDEC1,2020-07,-0.054054139783465516,0.05042094173270273,0.9523809523809523,5.904567303615,21,0.19004435544107884,1.0
CVERDEC1,2020-08,0.11428582968960099,0.19638114868918252,0.9047619047619048,12.549599421164999,21,0.05042094173270273,0.9523809523809523
CVERDEC1,2020-09,-0.07692319792728797,0.14987318731541183,0.7619047619047619,4.51916297599,21,0.19638114868918252,0.9047619047619048
CVERDEC1,2020-10,0.02722234863340045,0.22574743056174426,0.9545454545454546,11.566712680155,22,0.14987318731541183,0.7619047619047619
CVERDEC1,2020-11,0.10329907945280703,0.05321467255412839,1.0,16.361693465755,20,0.22574743056174426,0.9545454545454546
CVERDEC1,2020-12,0.005392042486238591,0.14921956365248631,0.95,14.301327538375,20,0.05321467255412839,1.0
CVERDEC1,2021-01,0.04206482269459322,0.02671243944813857,1.0,13.307067861784999,19,0.14921956365248631,0.95
CVERDEC1,2021-02,0.19266081088554743,0.047544252496738625,1.0,24.007051830349997,19,0.02671243944813857,1.0
CVERDEC1,2021-03,-0.0384614990036396,0.022549282805136513,1.0,22.575370227285003,23,0.047544252496738625,1.0
CVERDEC1,2021-04,-0.04936973097603237,0.028189675968698896,1.0,38.66488047763001,20,0.022549282805136513,1.0
CVERDEC1,2021-05,-0.15732755935753417,0.08864938886576719,1.0,31.487248851114998,20,0.028189675968698896,1.0
CVERDEC1,2021-06,-0.12992321888265612,0.025462821254329103,1.0,44.28323740041999,21,0.08864938886576719,1.0
CVERDEC1,2021-07,-0.14756032036150812,0.04744226112112935,1.0,15.288554190089998,19,0.025462821254329103,1.0
CVERDEC1,2021-08,0.0827587117162476,0.11658966776714264,1.0,10.200778480790001,21,0.04744226112112935,1.0
CVERDEC1,2021-09,0.0955414361342195,0.017713733773209697,1.0,14.352556769799998,21,0.11658966776714264,1.0
CVERDEC1,2021-10,0.2238370416324733,0.02844124511917686,1.0,25.591897905194998,20,0.017713733773209697,1.0
CVERDEC1,2021-11,0.5206651225367827,0.004704741681092615,1.0,416.47266968217,20,0.02844124511917686,1.0
CVERDEC1,2021-12,0.23375500180708175,0.011605022902289621,1.0,274.37231987774504,20,0.004704741681092615,1.0
CVERDEC1,2022-01,0.15498228927890345,0.02295485745772887,1.0,220.946349534065,20,0.011605022902289621,1.0
CVERDEC1,2022-02,0.011627888001324749,0.011241742401123573,1.0,96.15494369942502,19,0.02295485745772887,1.0
CVERDEC1,2022-03,0.03908035063890325,0.17464385858017548,1.0,35.170226376555,23,0.011241742401123573,1.0
CVERDEC1,2022-04,-0.1063410599918646,0.022811619852065285,0.9473684210526315,41.839038026829996,19,0.17464385858017548,1.0
CVERDEC1,2022-05,-0.25499992120588044,0.02525642635819717,1.0,43.55607244352,21,0.022811619852065285,0.9473684210526315
CVERDEC1,2022-06,-0.09093963903860725,0.067837768055766,0.95,35.243579540325,20,0.02525642635819717,1.0
CVERDEC1,2022-07,-0.0033222226141077504,0.2882832431481485,0.9444444444444444,9.153855285885001,18,0.067837768055766,0.95
CVERDEC1,2022-08,0.055185199483070324,0.10223891408988295,0.9090909090909091,24.539341851899998,22,0.2882832431481485,0.9444444444444444
CVERDEC1,2022-09,-0.051948020272448825,0.031488433380882856,1.0,43.98350924238,21,0.10223891408988295,0.9090909090909091
CVERDEC1,2022-10,0.0995927836709194,0.23442585045171324,0.8571428571428571,77.98447724592499,21,0.031488433380882856,1.0
CVERDEC1,2022-11,0.010100953550938208,0.16961746850488174,1.0,10.408893739559998,20,0.23442585045171324,0.8571428571428571
CVERDEC1,2022-12,0.018404318761014338,0.16465472100067816,0.7894736842105263,6.36724966244,19,0.16961746850488174,1.0
CVERDEC1,2023-01,0.0704698834297639,0.06704731673417973,0.95,28.623106660840005,20,0.16465472100067816,0.7894736842105263
CVERDEC1,2023-02,-0.0783697808354179,0.0645222954314275,0.7894736842105263,5.313899211920001,19,0.06704731673417973,0.95
CVERDEC1,2023-03,0.02040804228524662,0.3097852477362229,0.9565217391304348,10.601162098925,23,0.0645222954314275,0.7894736842105263
CVERDEC1,2023-04,-0.010908477394571903,0.24408770699324847,1.0,3.0771173472799993,18,0.3097852477362229,0.9565217391304348
CVERDEC1,2023-05,0.017241352586888636,0.13860537365034836,1.0,17.376798139100003,21,0.24408770699324847,1.0
CVERDEC1,2023-06,-0.0254237301727831,0.06095226507998154,0.9473684210526315,22.884806966705,19,0.13860537365034836,1.0
CVERDEC1,2023-07,0.08113463829974954,0.07714269753374192,0.9473684210526315,4.7162255773599995,19,0.06095226507998154,0.9473684210526315
CVERDEC1,2023-08,0.02141672094649194,0.11525283541040698,0.9090909090909091,13.466266698554998,22,0.07714269753374192,0.9473684210526315
CVERDEC1,2023-09,-0.0161289481280823,0.07458104986949544,0.95,12.133103295975,20,0.11525283541040698,0.9090909090909091
CVERDEC1,2023-10,0.01639335571200795,0.02504483034489828,1.0,35.844858923395,22,0.07458104986949544,0.95
CVERDEC1,2023-11,0.030196882376531953,0.04951082537425108,0.9,19.552267329815,20,0.02504483034489828,1.0
CVERDEC1,2023-12,0.16912243526180482,0.016087238055146343,1.0,52.53046058527,19,0.04951082537425108,0.9
CVERDEC1,2024-01,0.11506841890940289,0.11052499167321474,1.0,47.961648075205005,21,0.016087238055146343,1.0
CVERDEC1,2024-02,-0.049140163378501134,0.09104601516457236,1.0,5.778126339105,20,0.11052499167321474,1.0
CVERDEC1,2024-03,0.06976761826960942,0.011621106443899663,1.0,38.526521868189995,19,0.09104601516457236,1.0
CVERDEC1,2024-04,-0.07340598393861197,0.020323122620774473,1.0,148.22954135688502,22,0.011621106443899663,1.0
CVERDEC1,2024-05,0.06888377824143577,0.012611904595548663,1.0,38.09406852461001,21,0.020323122620774473,1.0
CVERDEC1,2024-06,-0.022222295652556845,0.015097205556602359,1.0,36.00542548559999,18,0.012611904595548663,1.0
CVERDEC1,2024-07,0.015151491256311989,0.038365866764000826,1.0,47.02596788218501,20,0.015097205556602359,1.0
CVERDEC1,2024-08,0.015057734168045567,0.22673553624632273,1.0,904.149464433605,20,0.038365866764000826,1.0
CVERDEC1,2024-09,-0.0005009104829677424,0.03176267076591488,1.0,17.158894087925,20,0.22673553624632273,1.0
CVERDEC1,2024-10,0.04010014042803989,0.018297978461906464,1.0,13.234915708555002,22,0.03176267076591488,1.0
CVERDEC1,2024-11,0.010831718174894256,0.022962941013247334,1.0,10.451193548815,19,0.018297978461906464,1.0
CVERDEC1,2024-12,-0.0024508993080797348,0.05283617523203929,0.9473684210526315,12.085472570659999,19,0.022962941013247334,1.0
CVERDEC1,2025-01,-0.024570148331949593,0.16420666385282714,1.0,9.765421503695,20,0.05283617523203929,0.9473684210526315
CVERDEC1,2025-02,0.018891758485195975,0.11271915352101587,1.0,9.097360862375,19,0.16420666385282714,1.0
CVERDEC1,2025-03,0.050679800304956,0.08790848002748701,1.0,11.045003783190001,21,0.11271915352101587,1.0
CVERDEC1,2025-04,-0.06567114482049474,0.12456250315377185,1.0,13.004658711625,20,0.08790848002748701,1.0
CVERDEC1,2025-05,0.025641058530485594,0.11891448687040442,0.95,9.274179496875,20,0.12456250315377185,1.0
CVERDEC1,2025-06,0.0,0.13754602352467468,0.95,10.349877355515,20,0.11891448687040442,0.95
CVERDEC1,2025-07,4.440892098500626e-16,0.028830037279371973,1.0,12.055336712195002,19,0.13754602352467468,0.95
CVERDEC1,2025-08,0.04582580007478776,0.2044611582088423,1.0,19.358727223590005,20,0.028830037279371973,1.0
CVERDEC1,2025-09,0.0012211337251046839,0.027029395457180964,1.0,14.972812685185,21,0.2044611582088423,1.0
CVERDEC1,2025-10,0.07317060061862057,0.09655848262248715,1.0,14.921674654994998,22,0.027029395457180964,1.0
CVERDEC1,2025-11,0.03409080580764012,0.06407845730818595,1.0,16.249688279265,19,0.09655848262248715,1.0
CVERDEC1,2025-12,0.07142870595857631,0.06706302814632871,1.0,9.620530051695,19,0.06407845730818595,1.0
ENGIEC1,2018-01,-0.005486791100637323,0.21864274782126708,1.0,2.81907379,21,,
ENGIEC1,2018-02,-0.10206889255015239,0.373035790421549,1.0,7.5702636399999985,18,0.21864274782126708,1.0
ENGIEC1,2018-03,0.058371661746925874,0.4142426314192154,0.95,0.49891581000000007,20,0.373035790421549,1.0
ENGIEC1,2018-04,-0.02382157446739075,0.3207511542325761,1.0,1.12408437,20,0.4142426314192154,0.95
ENGIEC1,2018-05,0.008955419891146565,0.15604027052664776,0.9047619047619048,15.7517633,21,0.3207511542325761,1.0
ENGIEC1,2018-06,-0.031065273341424393,0.1460018553009086,0.85,23.0973494,20,0.15604027052664776,0.9047619047619048
ENGIEC1,2018-07,0.0320612653120147,0.10935121652990328,0.9523809523809523,9.465766440000001,21,0.1460018553009086,0.85
ENGIEC1,2018-08,-0.0014794851414540178,0.150080635278065,0.9047619047619048,2.35333151,21,0.10935121652990328,0.9523809523809523
ENGIEC1,2018-09,-0.007407406197397659,0.21281381937671887,0.7368421052631579,1.8635095,19,0.150080635278065,0.9047619047619048
ENGIEC1,2018-10,-0.07462701796053939,0.2333792681455944,0.6818181818181818,20.39389261,22,0.21281381937671887,0.7368421052631579
ENGIEC1,2018-11,-0.04363391135567951,0.2922165503686882,0.7,0.18227306,20,0.2333792681455944,0.6818181818181818
ENGIEC1,2018-12,-0.010169565907854339,0.07205622548487003,0.4444444444444444,0.13403275,18,0.2922165503686882,0.7
ENGIEC1,2019-01,-0.06335622550454378,0.05153736440816754,0.2857142857142857,1.37157543,21,0.07205622548487003,0.4444444444444444
ENGIEC1,2019-02,0.04204777858531261,0.05385291094093163,0.7368421052631579,2.25125904,19,0.05153736440816754,0.2857142857142857
ENGIEC1,2019-03,0.10350858873534796,0.08640500858885254,0.7142857142857143,8.75963384,21,0.05385291094093163,0.7368421052631579
ENGIEC1,2019-04,0.02185011101356782,0.3060680296974357,0.3,0.6120620999999999,20,0.08640500858885254,0.7142857142857143
ENGIEC1,2019-05,-0.047244092472088606,0.2831968401325146,0.7142857142857143,16.15862221,21,0.3060680296974357,0.3
ENGIEC1,2019-06,0.06611569951800367,0.04978748584108086,0.5,1.4413501000000002,20,0.2831968401325146,0.7142857142857143
ENGIEC1,2019-07,0.05426368964924366,0.06348552385298224,0.8571428571428571,11.58235794,21,0.04978748584108086,0.5
ENGIEC1,2019-08,-0.0073529798545024505,0.06063611483258209,0.9047619047619048,24.46505565,21,0.06348552385298224,0.8571428571428571
ENGIEC1,2019-09,0.025185222297267273,0.051468536044034834,0.65,6.1542201,20,0.06063611483258209,0.9047619047619048
ENGIEC1,2019-10,0.0982660371979669,0.06970367746177601,0.9545454545454546,6.2451826,22,0.051468536044034834,0.65
ENGIEC1,2019-11,0.052631492623908205,0.08705385210719938,0.9473684210526315,5.8065966499999995,19,0.06970367746177601,0.9545454545454546
ENGIEC1,2019-12,-0.014714451118922667,0.08347641973899983,0.65,35.162548,20,0.08705385210719938,0.9473684210526315
ENGIEC1,2020-01,-0.00636929317931767,0.24750441403484214,0.7619047619047619,1.49835444,21,0.08347641973899983,0.65
ENGIEC1,2020-02,-0.0256410380611104,0.030704512193891444,0.5789473684210527,0.7077864,19,0.24750441403484214,0.7619047619047619
ENGIEC1,2020-03,-0.1249999911226739,0.506701616350567,0.45454545454545453,0.27489895000000003,22,0.030704512193891444,0.5789473684210527
ENGIEC1,2020-04,-0.09774424617402444,0.8533234010337664,0.35,0.6608476999999999,20,0.506701616350567,0.45454545454545453
ENGIEC1,2020-05,0.14999996401724447,0.10303694012118583,0.42105263157894735,22.58575786,19,0.8533234010337664,0.35
ENGIEC1,2020-06,0.031883694969164544,0.07741707747674854,0.5238095238095238,5.785220119999999,21,0.10303694012118583,0.42105263157894735
ENGIEC1,2020-07,0.01825865278843586,0.13156447400562207,0.5238095238095238,9.0821523,21,0.07741707747674854,0.5238095238095238
ENGIEC1,2020-08,-0.072846331224942,0.4439183292967939,0.6666666666666666,10.257623800000001,21,0.13156447400562207,0.5238095238095238
ENGIEC1,2020-09,0.10526302688483713,0.1109950195614499,0.6666666666666666,1.47822975,21,0.4439183292967939,0.6666666666666666
ENGIEC1,2020-10,-0.02857144725263161,0.11010189048349227,0.6818181818181818,1.0533021,22,0.1109950195614499,0.6666666666666666
ENGIEC1,2020-11,-0.002800954955651691,0.07674792036958229,0.4,0.63903144,20,0.11010189048349227,0.6818181818181818
ENGIEC1,2020-12,-0.013362848729171706,0.5476875621211323,0.4,2.470013,20,0.07674792036958229,0.4
ENGIEC1,2021-01,0.04285727207695822,0.08042818735046085,0.5789473684210527,8.31500735,19,0.5476875621211323,0.4
ENGIEC1,2021-02,0.013698621150809442,0.0671511018854484,0.631578947368421,6.613987219999999,19,0.08042818735046085,0.5789473684210527
ENGIEC1,2021-03,0.03648648444599867,0.21841235889572286,0.782608695652174,1.22709252,23,0.0671511018854484,0.631578947368421
ENGIEC1,2021-04,-0.1755461848158495,0.3288528396582087,0.85,5.81372863,20,0.21841235889572286,0.782608695652174
ENGIEC1,2021-05,0.006389629040879807,0.18695512502638173,0.85,7.75350926,20,0.3288528396582087,0.85
ENGIEC1,2021-06,-0.03492058740978299,0.4902152548777348,0.47619047619047616,0.6429037399999998,21,0.18695512502638173,0.85
ENGIEC1,2021-07,-0.029605363185718048,0.28947435877199995,0.3157894736842105,0.40685337,19,0.4902152548777348,0.47619047619047616
ENGIEC1,2021-08,-0.07627136272464363,0.351062182220824,0.42857142857142855,2.93959145,21,0.28947435877199995,0.3157894736842105
ENGIEC1,2021-09,0.05871571532302733,0.2404544860935225,0.38095238095238093,0.0944065,21,0.351062182220824,0.42857142857142855
ENGIEC1,2021-10,0.0658578462204722,0.289757618992789,0.7,0.69252278,20,0.2404544860935225,0.38095238095238093
ENGIEC1,2021-11,-0.021138201772856524,0.44959128307206264,0.35,0.17405668,20,0.289757618992789,0.7
ENGIEC1,2021-12,-0.022255278687967728,0.5644060616153914,0.4,0.730483,20,0.44959128307206264,0.35
ENGIEC1,2022-01,0.059727103715353724,0.1525683931531192,0.45,0.47245576000000006,20,0.5644060616153914,0.4
ENGIEC1,2022-02,0.046698783989190806,0.5393439478291335,0.42105263157894735,0.30407745999999997,19,0.1525683931531192,0.45
ENGIEC1,2022-03,0.023076872808543092,0.3307504054555888,0.5217391304347826,0.14691912999999998,23,0.5393439478291335,0.42105263157894735
ENGIEC1,2022-04,-0.06683368760224384,0.25786397002677075,0.5263157894736842,0.18770747,19,0.3307504054555888,0.5217391304347826
ENGIEC1,2022-05,-0.07941657954130965,0.44306589583664596,0.5714285714285714,0.08030145,21,0.25786397002677075,0.5263157894736842
ENGIEC1,2022-06,-0.058098655870992166,0.7534543101674116,0.35,0.09341652,20,0.44306589583664596,0.5714285714285714
ENGIEC1,2022-07,0.03738331601505296,0.16464510720944747,0.5555555555555556,0.14142584,18,0.7534543101674116,0.35
ENGIEC1,2022-08,-0.027026935620153125,0.32211019122196904,0.45454545454545453,0.19197370000000002,22,0.16464510720944747,0.5555555555555556
ENGIEC1,2022-09,0.0,0.0,0.3333333333333333,0.0641814,21,0.32211019122196904,0.45454545454545453
ENGIEC1,2022-10,-0.07407413844444366,0.21020135274203924,0.8095238095238095,0.60604804,21,0.0,0.3333333333333333
ENGIEC1,2022-11,0.020000070910404455,0.29188902063192756,0.8,0.98655522,20,0.21020135274203924,0.8095238095238095
ENGIEC1,2022-12,-0.025832916042945686,0.15574531925110086,0.7368421052631579,0.29324464999999994,19,0.29188902063192756,0.8
ENGIEC1,2023-01,0.0606061051287603,0.2980392537637128,0.65,0.30330595,20,0.15574531925110086,0.7368421052631579
ENGIEC1,2023-02,0.0019048753667683105,0.12758236124826297,0.7894736842105263,0.15585536,19,0.2980392537637128,0.65
ENGIEC1,2023-03,0.017110098303044108,0.08746337996145594,0.4782608695652174,0.21711475,23,0.12758236124826297,0.7894736842105263
ENGIEC1,2023-04,0.0156761974433397,0.446358171644438,0.6666666666666666,0.40182478,18,0.08746337996145594,0.4782608695652174
ENGIEC1,2023-05,-0.06654334106269388,0.18193369140643836,0.6666666666666666,25.580521989999998,21,0.446358171644438,0.6666666666666666
ENGIEC1,2023-06,-0.019802102894859952,0.1296224253801598,0.75,3.1220505199999997,20,0.18193369140643836,0.6666666666666666
ENGIEC1,2023-07,-0.0383839660882177,0.018165680443460498,0.9473684210526315,19.540499190000002,19,0.1296224253801598,0.75
ENGIEC1,2023-08,-0.010504106492492449,0.05805711985867011,0.9090909090909091,12.19651196,22,0.018165680443460498,0.9473684210526315
ENGIEC1,2023-09,-0.00212305692085335,0.025773052105150768,0.8,1.04727657,20,0.05805711985867011,0.9090909090909091
ENGIEC1,2023-10,-0.014893677427930796,0.025553787548208386,0.6818181818181818,1.0511209300000002,22,0.025773052105150768,0.8
ENGIEC1,2023-11,-0.018449169247280905,0.6096050313819158,0.7,0.18670801,20,0.025553787548208386,0.6818181818181818
ENGIEC1,2023-12,0.02876106270225587,0.09493616503312619,0.7368421052631579,1.04434193,19,0.6096050313819158,0.7
ENGIEC1,2024-01,0.012903166568653202,0.017318549101274994,0.6666666666666666,1.3511322599999998,21,0.09493616503312619,0.7368421052631579
ENGIEC1,2024-02,0.019108248255308657,0.13058534647090547,0.95,1.18045779,20,0.017318549101274994,0.6666666666666666
ENGIEC1,2024-03,2.220446049250313e-16,0.4376881619207225,0.8947368421052632,0.38832538,19,0.13058534647090547,0.95
ENGIEC1,2024-04,-0.0675868664588608,0.24826090432562495,0.8181818181818182,9.278188179999999,22,0.4376881619207225,0.8947368421052632
ENGIEC1,2024-05,0.04044952369393129,0.6935822794851532,0.7142857142857143,0.45017245999999994,21,0.24826090432562495,0.8181818181818182
ENGIEC1,2024-06,-0.08207344128299643,0.17621411066436576,0.9444444444444444,15.008616899999998,18,0.6935822794851532,0.7142857142857143
ENGIEC1,2024-07,0.0023529794036083462,0.015287845590442838,1.0,2.0426859,20,0.17621411066436576,0.9444444444444444
ENGIEC1,2024-08,-0.06103289259704936,0.127174229806589,0.85,13.7678629,20,0.015287845590442838,1.0
ENGIEC1,2024-09,0.0,0.07787053034059765,1.0,13.816566530000001,20,0.127174229806589,0.85
ENGIEC1,2024-10,0.062499992008359984,0.45650788147541216,0.9545454545454546,1.6320650100000003,22,0.07787053034059765,1.0
ENGIEC1,2024-11,-0.011014547868003377,0.3450804973058854,0.8421052631578947,0.6195905199999999,19,0.45650788147541216,0.9545454545454546
ENGIEC1,2024-12,-0.02153100412025366,0.25222601403873174,0.8947368421052632,13.05768769,19,0.3450804973058854,0.8421052631578947
ENGIEC1,2025-01,-0.03911982583757123,0.06275811176318222,0.95,0.7796127999999999,20,0.25222601403873174,0.8947368421052632
ENGIEC1,2025-02,-0.05852419426962285,0.04457066606590612,0.9473684210526315,17.248366380000004,19,0.06275811176318222,0.95
ENGIEC1,2025-03,0.164864958308093,0.07684254520963976,0.9523809523809523,86.69623879000001,21,0.04457066606590612,0.9473684210526315
ENGIEC1,2025-04,-0.1164750482178426,0.23032020671725917,1.0,2.06703864,20,0.07684254520963976,0.9523809523809523
ENGIEC1,2025-05,-0.0027173996526311806,0.025038815634139622,1.0,2.8833628800000004,20,0.23032020671725917,1.0
ENGIEC1,2025-06,-0.0054495411000871075,0.01606269757308765,1.0,6.406476540000001,20,0.025038815634139622,1.0
ENGIEC1,2025-07,0.024657541625774826,0.014006620753099353,1.0,3.83821392,19,0.01606269757308765,1.0
ENGIEC1,2025-08,-0.01871663411811275,0.013881781232275656,1.0,11.402114909999998,20,0.014006620753099353,1.0
ENGIEC1,2025-09,0.0027248040341676383,0.01373100764024817,1.0,13.23729807,21,0.013881781232275656,1.0
ENGIEC1,2025-10,-0.01630433112952001,0.038694782743576135,1.0,6.2498005899999995,22,0.01373100764024817,1.0
ENGIEC1,2025-11,0.035911644033669754,0.18984021095119274,1.0,25.536473849999997,19,0.038694782743576135,1.0
ENGIEC1,2025-12,0.10956029884478591,0.33538649824632694,1.0,17.34973374,19,0.18984021095119274,1.0
FERREYC1,2018-01,-0.0038459818990524974,0.005449318169021315,1.0,86.22709959999997,21,,
FERREYC1,2018-02,-0.023166128901426775,0.0069435870868735676,1.0,42.146149109999996,18,0.005449318169021315,1.0
FERREYC1,2018-03,0.00395239221102206,0.012188868576539124,1.0,34.890627370000004,20,0.0069435870868735676,1.0
FERREYC1,2018-04,0.09077478660538385,0.0075317194034508995,1.0,50.71384791,20,0.012188868576539124,1.0
FERREYC1,2018-05,0.011406897773521107,0.009517598006716046,1.0,41.60285613,21,0.0075317194034508995,1.0
FERREYC1,2018-06,-0.11654144637021457,0.01089615736869535,1.0,27.27178998,20,0.009517598006716046,1.0
FERREYC1,2018-07,0.004255375704508735,0.01984396215255187,1.0,29.877439719999998,21,0.01089615736869535,1.0
FERREYC1,2018-08,-0.03389810283874484,0.01119047082630021,1.0,28.283707839999998,21,0.01984396215255187,1.0
FERREYC1,2018-09,0.030701480571569073,0.014602824646803611,1.0,55.33028939,19,0.01119047082630021,1.0
FERREYC1,2018-10,-0.10212765517055045,0.014933111934394743,1.0,29.43590622,22,0.014602824646803611,1.0
FERREYC1,2018-11,0.10900467090857191,0.027681689833938695,1.0,14.348613039999998,20,0.014933111934394743,1.0
FERREYC1,2018-12,0.03418827169881067,0.0100470714934304,1.0,39.59489468,18,0.027681689833938695,1.0
FERREYC1,2019-01,-0.007874018922520043,0.022343651420440775,1.0,25.257796310000003,21,0.0100470714934304,1.0
FERREYC1,2019-02,-0.023809533484756118,0.009970579215080284,1.0,53.381725859999996,19,0.022343651420440775,1.0
FERREYC1,2019-03,0.004065094376438871,0.004756522223490952,1.0,33.01587158,21,0.009970579215080284,1.0
FERREYC1,2019-04,0.043689348060936606,0.013337214579321216,1.0,20.864245819999997,20,0.004756522223490952,1.0
FERREYC1,2019-05,-0.11428581359344026,0.02753757653077579,1.0,28.90071598,21,0.013337214579321216,1.0
FERREYC1,2019-06,0.06722858294506628,0.018442446840997415,1.0,17.13275789,20,0.02753757653077579,1.0
FERREYC1,2019-07,-0.04424777924311307,0.018082978354787182,1.0,22.165992520000003,21,0.018442446840997415,1.0
FERREYC1,2019-08,-0.05092600378771017,0.010849406678338034,1.0,43.94427725,21,0.018082978354787182,1.0
FERREYC1,2019-09,0.029268266128887888,0.007529486326090925,1.0,13.944186350000003,20,0.010849406678338034,1.0
FERREYC1,2019-10,0.009478739648892454,0.032459507820771116,1.0,76.70836628999999,22,0.007529486326090925,1.0
FERREYC1,2019-11,0.02922684460367453,0.023749851104943254,1.0,16.44301204,19,0.032459507820771116,1.0
FERREYC1,2019-12,0.014018713857165688,0.01035486072445691,1.0,36.44499722,20,0.023749851104943254,1.0
FERREYC1,2020-01,-0.08675784637469375,0.020892272664828244,1.0,27.83927969,21,0.01035486072445691,1.0
FERREYC1,2020-02,-0.005000161661888769,0.030735849494230038,1.0,27.817014299999997,19,0.020892272664828244,1.0
FERREYC1,2020-03,-0.36683409476898,0.222657106628321,1.0,33.85580343000001,22,0.030735849494230038,1.0
FERREYC1,2020-04,-0.0873016544568721,0.013324166255222336,1.0,34.16434059,20,0.222657106628321,1.0
FERREYC1,2020-05,0.2521737316556445,0.03217143991671798,1.0,25.58778432,19,0.013324166255222336,1.0
FERREYC1,2020-06,0.11111103063424421,0.0220438406366052,1.0,36.26950076,21,0.03217143991671798,1.0
FERREYC1,2020-07,0.09375016522908064,0.02981228543660276,1.0,33.68107028,21,0.0220438406366052,1.0
FERREYC1,2020-08,0.02857129802153735,0.044293392926780195,1.0,9.621182059999999,21,0.02981228543660276,1.0
FERREYC1,2020-09,-0.001194212386703808,0.03257790594236786,1.0,51.31361263,21,0.044293392926780195,1.0
FERREYC1,2020-10,0.017441625116734416,0.06840537213640985,1.0,12.42604943,22,0.03257790594236786,1.0
FERREYC1,2020-11,0.010481644245973198,0.05679702290955859,1.0,15.784079479999999,20,0.06840537213640985,1.0
FERREYC1,2020-12,0.029585957226811344,0.019639139391119505,1.0,17.740510799999992,20,0.05679702290955859,1.0
FERREYC1,2021-01,0.17816053072408478,0.008598896967733952,1.0,72.01464363000001,19,0.019639139391119505,1.0
FERREYC1,2021-02,0.0243903271046928,0.005880902686182074,1.0,42.948883280000004,19,0.008598896967733952,1.0
FERREYC1,2021-03,0.05714290615688711,0.007421014074602213,1.0,40.874364820000004,23,0.005880902686182074,1.0
FERREYC1,2021-04,-0.13142947744781153,0.023343302025318747,1.0,34.71981307,20,0.007421014074602213,1.0
FERREYC1,2021-05,-0.038043471690714536,0.022673472173172546,1.0,45.848086540000004,20,0.023343302025318747,1.0
FERREYC1,2021-06,-0.09039547215768828,0.04425827262413556,1.0,77.99018796000001,21,0.022673472173172546,1.0
FERREYC1,2021-07,-0.02484454535777536,0.03967070186642113,1.0,25.627744659999998,19,0.04425827262413556,1.0
FERREYC1,2021-08,0.09554127411377933,0.060500648930287025,1.0,23.683080200000006,21,0.03967070186642113,1.0
FERREYC1,2021-09,-0.017441956843748496,0.01838704626393828,1.0,16.057949280000003,21,0.060500648930287025,1.0
FERREYC1,2021-10,0.24649083961035,0.016271136057614696,1.0,27.739993919999996,20,0.01838704626393828,1.0
FERREYC1,2021-11,-0.05025117234720622,0.0291745545382285,1.0,18.024158700000005,20,0.016271136057614696,1.0
FERREYC1,2021-12,0.0846558953452472,0.030507271235325834,1.0,50.81402011999999,20,0.0291745545382285,1.0
FERREYC1,2022-01,0.2487806155353447,0.005722798996903734,1.0,124.91105665,20,0.030507271235325834,1.0
FERREYC1,2022-02,-0.07812509210919893,0.024328433341386915,1.0,20.8673149,19,0.005722798996903734,1.0
FERREYC1,2022-03,0.0720338002121057,0.023645774776303717,1.0,32.54156415,23,0.024328433341386915,1.0
FERREYC1,2022-04,-0.01768446708418403,0.014837960130321579,1.0,57.83465475,19,0.023645774776303717,1.0
FERREYC1,2022-05,-0.1021276870493496,0.023076363737158226,1.0,56.23247551,21,0.014837960130321579,1.0
FERREYC1,2022-06,6.661338147750939e-16,0.029791252658907235,1.0,18.97980418,20,0.023076363737158226,1.0
FERREYC1,2022-07,-0.047393293522032476,0.08453350395342733,1.0,10.15964154,18,0.029791252658907235,1.0
FERREYC1,2022-08,0.07462692737079801,0.1836735139945409,1.0,26.015638380000002,22,0.08453350395342733,1.0
FERREYC1,2022-09,0.05353943884980916,0.08371096792715235,1.0,28.820080349999998,21,0.1836735139945409,1.0
FERREYC1,2022-10,0.05116289000962082,0.03784691227865781,1.0,10.003584510000001,21,0.08371096792715235,1.0
FERREYC1,2022-11,-0.004424718284402829,0.02936786309220594,1.0,9.567051300000001,20,0.03784691227865781,1.0
FERREYC1,2022-12,-0.008888994401742845,0.07246361498638819,1.0,6.69984896,19,0.02936786309220594,1.0
FERREYC1,2023-01,-0.01793720497439144,0.0339884966693392,1.0,6.02231163,20,0.07246361498638819,1.0
FERREYC1,2023-02,-0.013698677106039003,0.024577111030271857,1.0,6.961401500000002,19,0.0339884966693392,1.0
FERREYC1,2023-03,-0.004629645723900011,0.029911270279070125,1.0,14.90937259,23,0.024577111030271857,1.0
FERREYC1,2023-04,0.0704769869548394,0.0774785165544086,1.0,14.110462360000001,18,0.029911270279070125,1.0
FERREYC1,2023-05,-0.05092597604573845,0.053894242905040475,1.0,18.38742428,21,0.0774785165544086,1.0
FERREYC1,2023-06,0.07317082889171989,0.02531436443160004,1.0,42.02189051,19,0.053894242905040475,1.0
FERREYC1,2023-07,0.09090905781741832,0.026576366634325107,1.0,23.49011992,19,0.02531436443160004,1.0
FERREYC1,2023-08,0.04166665276356829,0.010353991162785526,1.0,32.056493749999994,22,0.026576366634325107,1.0
FERREYC1,2023-09,-0.027999946184995905,0.04878533463933097,1.0,14.253487920000001,20,0.010353991162785526,1.0
FERREYC1,2023-10,0.021949082710244205,0.08758927548141691,1.0,25.23105607,22,0.04878533463933097,1.0
FERREYC1,2023-11,4.440892098500626e-16,0.06442485475771094,1.0,24.969320049999997,20,0.08758927548141691,1.0
FERREYC1,2023-12,0.046413834927583775,0.02143730890859823,1.0,18.733721299999996,19,0.06442485475771094,1.0
FERREYC1,2024-01,0.12903199363190732,0.02212092063670274,1.0,41.14256965,21,0.02143730890859823,1.0
FERREYC1,2024-02,0.07142868061000995,0.03762646647179528,1.0,77.98216792999999,20,0.02212092063670274,1.0
FERREYC1,2024-03,-0.03333338088791016,0.041824345629691936,1.0,17.308157209999997,19,0.03762646647179528,1.0
FERREYC1,2024-04,0.05656873749759672,0.015345672379907698,1.0,66.61026634000001,22,0.041824345629691936,1.0
FERREYC1,2024-05,-0.02777787477886684,0.014934036274826748,1.0,49.18786379,21,0.015345672379907698,1.0
FERREYC1,2024-06,-0.017857155685043202,0.02726518525285078,1.0,11.37191898,18,0.014934036274826748,1.0
FERREYC1,2024-07,0.10545455989303765,0.02513076890960788,1.0,58.44044252,20,0.02726518525285078,1.0
FERREYC1,2024-08,-0.057521925649867134,0.01745395661610706,1.0,83.89307539,20,0.02513076890960788,1.0
FERREYC1,2024-09,0.04347843528740869,0.00905931594441799,1.0,26.626888,20,0.01745395661610706,1.0
FERREYC1,2024-10,0.04166653851802149,0.014335913854458182,1.0,28.103139700000003,22,0.00905931594441799,1.0
FERREYC1,2024-11,-0.0033333311804355503,0.017859920728260134,1.0,25.792227359999995,19,0.014335913854458182,1.0
FERREYC1,2024-12,-0.02006687662817286,0.012418000113727264,1.0,15.951763489999998,19,0.017859920728260134,1.0
FERREYC1,2025-01,0.01706483513140733,0.00708104340792067,1.0,25.122195760000004,20,0.012418000113727264,1.0
FERREYC1,2025-02,0.020134307982841326,0.011651623645581205,1.0,20.362603970000002,19,0.00708104340792067,1.0
FERREYC1,2025-03,0.03618418416887259,0.013445807627590881,1.0,76.00200898000001,21,0.011651623645581205,1.0
FERREYC1,2025-04,0.015039174384072096,0.013502937361008074,1.0,38.54255231999999,20,0.013445807627590881,1.0
FERREYC1,2025-05,0.07357859068514272,0.013579521507317723,1.0,35.69523607000001,20,0.013502937361008074,1.0
FERREYC1,2025-06,4.440892098500626e-16,0.008170995077143441,1.0,22.30590886,20,0.013579521507317723,1.0
FERREYC1,2025-07,0.08099691663877295,0.014070876711459884,1.0,68.74167311999999,19,0.008170995077143441,1.0
FERREYC1,2025-08,-0.011527410412690564,0.011351785104445919,1.0,27.279643049999997,20,0.014070876711459884,1.0
FERREYC1,2025-09,0.04965196953134443,0.012258869196122386,1.0,11.784696650000003,21,0.011351785104445919,1.0
FERREYC1,2025-10,-0.057306624454945165,0.01825737253637811,1.0,23.35507524,22,0.012258869196122386,1.0
FERREYC1,2025-11,0.018237078357844272,0.03238387907652627,1.0,29.595360680000002,19,0.01825737253637811,1.0
FERREYC1,2025-12,0.146268652468309,0.014281545045252104,1.0,78.06504141999999,19,0.03238387907652627,1.0
IFS,2018-01,0.050847311902570747,0.007858623710558527,1.0,440.25976003510004,21,,
IFS,2018-02,0.030521181230301897,0.025507995434334508,1.0,168.57492847632997,19,0.007858623710558527,1.0
IFS,2018-03,-0.024801098476989525,0.00350850337588753,0.95,88.022860081185,20,0.025507995434334508,1.0
IFS,2018-04,0.09167727680382831,0.024997368946406646,1.0,30.046245802034996,20,0.00350850337588753,0.95
IFS,2018-05,-0.030147098081864665,0.01778004661613367,0.9047619047619048,38.14193619304,21,0.024997368946406646,1.0
IFS,2018-06,-0.03734945875172124,0.006968731356493495,0.9,67.781895579775,20,0.01778004661613367,0.9047619047619048
IFS,2018-07,0.06007504556216525,0.019299027642745378,0.8571428571428571,15.004640135469998,21,0.006968731356493495,0.9
IFS,2018-08,-0.03187704781607126,0.006142396335919459,0.8095238095238095,15.414411044975,21,0.019299027642745378,0.8571428571428571
IFS,2018-09,-0.024390393418127765,0.02727992090976334,0.9473684210526315,18.42259551805,19,0.006142396335919459,0.8095238095238095
IFS,2018-10,-0.06749992992952436,0.015244335544501237,0.8636363636363636,36.91053121568,22,0.02727992090976334,0.9473684210526315
IFS,2018-11,0.08579073593635367,0.026290395739230622,0.9,64.46167435847,20,0.015244335544501237,0.8636363636363636
IFS,2018-12,0.012345896805910916,0.16730827090891284,0.9444444444444444,26.302589614740004,18,0.026290395739230622,0.9
IFS,2019-01,0.09523793834928784,0.025058787761257105,0.9047619047619048,68.84435501325001,21,0.16730827090891284,0.9444444444444444
IFS,2019-02,-0.03043485040602323,0.0020177703532984577,0.9473684210526315,77.61071806416001,19,0.025058787761257105,0.9047619047619048
IFS,2019-03,0.020179499969797288,0.009103200712713661,0.9523809523809523,32.081618848080005,21,0.0020177703532984577,0.9473684210526315
IFS,2019-04,0.006549877249152791,0.009357028229610384,0.95,35.75658923177,20,0.009103200712713661,0.9523809523809523
IFS,2019-05,-0.005442105644812956,0.03859802125131742,0.9047619047619048,78.478189300035,21,0.009357028229610384,0.95
IFS,2019-06,0.03739167381055264,0.01515195901281839,0.85,13.79912916279,20,0.03859802125131742,0.9047619047619048
IFS,2019-07,-0.07692300796376961,0.05833776409312941,0.9523809523809523,35.09908750733,21,0.01515195901281839,0.85
IFS,2019-08,-0.07142856680391896,0.31005089555914006,0.8571428571428571,6.3228849462,21,0.05833776409312941,0.9523809523809523
IFS,2019-09,0.05128200122270732,0.09249157337317879,0.8,9.436494154485,20,0.31005089555914006,0.8571428571428571
IFS,2019-10,0.006097522151644386,0.041202712725130854,1.0,9.49282987475,22,0.09249157337317879,0.8
IFS,2019-11,-0.03151521575943972,0.06999653123751856,1.0,20.288452737295003,19,0.041202712725130854,1.0
IFS,2019-12,0.02378005221455859,0.023354503006997453,0.95,19.408204132615,20,0.06999653123751856,1.0
IFS,2020-01,0.030562079535712217,0.03780871532145121,1.0,23.554355386125003,21,0.023354503006997453,0.95
IFS,2020-02,-0.10272820484764844,0.11219439846468687,0.9473684210526315,5.915168823099999,19,0.03780871532145121,1.0
IFS,2020-03,-0.20809105999798494,0.2436318625632845,1.0,21.293954227984994,22,0.11219439846468687,0.9473684210526315
IFS,2020-04,-0.09349935894543249,0.055308075175063,1.0,23.6662346872,20,0.2436318625632845,1.0
IFS,2020-05,0.010650943520954526,0.04374192375418492,1.0,18.878414354295003,19,0.055308075175063,1.0
IFS,2020-06,0.03239653168466927,0.04441634525948331,1.0,15.879751942895002,21,0.04374192375418492,1.0
IFS,2020-07,-0.045368547997004516,0.09132460966736018,1.0,13.925265711185002,21,0.04441634525948331,1.0
IFS,2020-08,-0.031683182653527764,0.0715000908685036,0.9523809523809523,15.174985378300002,21,0.09132460966736018,1.0
IFS,2020-09,-0.026584931422063973,0.17597323885599755,1.0,10.62914423419,21,0.0715000908685036,0.9523809523809523
IFS,2020-10,-0.12605048740481894,0.30252785453618775,0.9545454545454546,8.220180513109998,22,0.17597323885599755,1.0
IFS,2020-11,0.4350962363015485,0.04834007101912082,1.0,37.11687383857,20,0.30252785453618775,0.9545454545454546
IFS,2020-12,0.0385259419197137,0.10522943496851807,1.0,19.902275513914994,20,0.04834007101912082,1.0
IFS,2021-01,0.021331703884025055,0.07740068966397712,1.0,16.15193038219,19,0.10522943496851807,1.0
IFS,2021-02,0.09177211579238853,0.05616753292318964,1.0,17.50194052063,19,0.07740068966397712,1.0
IFS,2021-03,-0.12463767177334828,0.22132528072683852,1.0,19.502778891934998,23,0.05616753292318964,1.0
IFS,2021-04,-0.11938250235575654,0.04907585526577947,1.0,25.441756570865,20,0.22132528072683852,1.0
IFS,2021-05,0.0754352296865366,0.06321171268096865,0.95,29.213438330014995,20,0.04907585526577947,1.0
IFS,2021-06,-0.09100719539420887,0.09002862537057812,1.0,47.080615712205,21,0.06321171268096865,0.95
IFS,2021-07,-0.19509288930749424,0.1833084021046003,0.9473684210526315,3.30119167432,19,0.09002862537057812,1.0
IFS,2021-08,0.11946889420806306,0.14946281719877202,0.9523809523809523,44.04910415340999,21,0.1833084021046003,0.9473684210526315
IFS,2021-09,-0.02503290594622143,0.09887040276346878,0.9523809523809523,3.044264187565,21,0.14946281719877202,0.9523809523809523
IFS,2021-10,0.2837837612495815,0.17388937007653954,1.0,5.57946923203,20,0.09887040276346878,0.9523809523809523
IFS,2021-11,-0.07017556620957677,0.13200283474166907,0.95,5.841958226610001,20,0.17388937007653954,1.0
IFS,2021-12,0.041656325350940104,0.15478631995450592,1.0,11.52853727088,20,0.13200283474166907,0.95
IFS,2022-01,0.1728118058482977,0.05323802564298297,1.0,10.964026159620001,20,0.15478631995450592,1.0
IFS,2022-02,0.016195554472723694,0.1234398781731415,1.0,13.6610239023,19,0.05323802564298297,1.0
IFS,2022-03,0.06093751758211208,0.24920737989725697,1.0,12.564908462850001,23,0.1234398781731415,1.0
IFS,2022-04,-0.1401600381711281,0.08749997227321357,0.9473684210526315,6.3015141003399995,19,0.24920737989725697,1.0
IFS,2022-05,-0.041454492226608575,0.2760120612673356,0.9523809523809523,3.60346467106,21,0.08749997227321357,0.9473684210526315
IFS,2022-06,-0.13125966645310438,0.1436126159938853,0.95,3.36806313939,20,0.2760120612673356,0.9523809523809523
IFS,2022-07,0.039301359204470865,0.8884431190682587,0.7777777777777778,0.63672548666,18,0.1436126159938853,0.95
IFS,2022-08,-0.07478971459107575,0.1034425260881836,0.9090909090909091,9.23702257335,22,0.8884431190682587,0.7777777777777778
IFS,2022-09,-0.09173484961376299,0.12795268424410908,1.0,10.062018289700001,21,0.1034425260881836,0.9090909090909091
IFS,2022-10,0.2249998982352186,0.1315674532215132,1.0,18.03597534164,21,0.12795268424410908,1.0
IFS,2022-11,-0.004489834874280896,0.10367829868004497,1.0,107.83959842078,20,0.1315674532215132,1.0
IFS,2022-12,-0.020090097841813037,0.08000117850643448,1.0,33.548576967580004,19,0.10367829868004497,1.0
IFS,2023-01,0.010041832848575183,0.037191322561823996,1.0,15.137953660735002,20,0.08000117850643448,1.0
IFS,2023-02,-0.03065459216518851,0.07384299737862332,1.0,9.733490583585,19,0.037191322561823996,1.0
IFS,2023-03,-0.02179486807784281,0.057761875722181194,1.0,7.47952662327,23,0.07384299737862332,1.0
IFS,2023-04,0.0225460315139403,0.06371415107935231,1.0,5.0274260522050005,18,0.057761875722181194,1.0
IFS,2023-05,-0.04009013265407235,0.1431269985246896,1.0,11.036820241894999,21,0.06371415107935231,1.0
IFS,2023-06,0.15908036342107734,0.0873127324072825,1.0,12.108343848360002,19,0.1431269985246896,1.0
IFS,2023-07,-0.008097170210776938,0.06684028756817219,1.0,4.11649844329,19,0.0873127324072825,1.0
IFS,2023-08,-0.061632755473813305,0.227239055325871,1.0,9.112530817555,22,0.06684028756817219,1.0
IFS,2023-09,-0.016963833470900358,0.37196061973803696,1.0,4.501338136155,20,0.227239055325871,1.0
IFS,2023-10,-0.16637166226643396,0.029497690315663346,1.0,12.291382064235,22,0.37196061973803696,1.0
IFS,2023-11,0.0164542248149393,0.08139656699483427,1.0,10.320489542395,20,0.029497690315663346,1.0
IFS,2023-12,0.14882505328397144,0.07064118721906938,1.0,9.555464516295,19,0.08139656699483427,1.0
IFS,2024-01,0.06818186471399135,0.03396437597044929,1.0,23.073116682640002,21,0.07064118721906938,1.0
IFS,2024-02,0.27446816919390526,0.010872524167832557,1.0,111.24054101388502,20,0.03396437597044929,1.0
IFS,2024-03,-0.19098498411655507,0.061977067388537366,1.0,8.7317527639,19,0.010872524167832557,1.0
IFS,2024-04,-0.07864610148413997,0.01949367066102949,1.0,16.13772831228,22,0.061977067388537366,1.0
IFS,2024-05,0.12517594506882102,0.13542470517812863,1.0,16.025021562455002,21,0.01949367066102949,1.0
IFS,2024-06,-0.06458340289092557,0.05076769194677163,1.0,36.174039900145004,18,0.13542470517812863,1.0
IFS,2024-07,0.0026726701177632872,0.11679931764808645,1.0,14.783196274540002,20,0.05076769194677163,1.0
IFS,2024-08,0.09284754566379494,0.1621792953799257,1.0,10.11640891223,20,0.11679931764808645,1.0
IFS,2024-09,0.06504066124327945,0.03535771499515304,1.0,8.61465166674,20,0.1621792953799257,1.0
IFS,2024-10,0.034351111301968995,0.05747266911018875,1.0,24.776542407584998,22,0.03535771499515304,1.0
IFS,2024-11,0.015129188181898012,0.24897989861251793,1.0,12.431794461439999,19,0.05747266911018875,1.0
IFS,2024-12,0.05379859710182977,0.11552850332056676,0.9473684210526315,9.36733159091,19,0.24897989861251793,1.0
IFS,2025-01,0.01759227270995356,0.10318245567131978,1.0,8.382487470184998,20,0.11552850332056676,0.9473684210526315
IFS,2025-02,0.08474574269503887,0.029706100854912106,1.0,53.411768830899994,19,0.10318245567131978,1.0
IFS,2025-03,0.04156249837891712,0.07658966407096375,0.9523809523809523,8.940879519409998,21,0.029706100854912106,1.0
IFS,2025-04,0.0381631006834493,0.41604670734841004,1.0,2.6788413124149995,20,0.07658966407096375,0.9523809523809523
IFS,2025-05,0.04328353294001919,0.15458358092465307,1.0,10.835613990015002,20,0.41604670734841004,1.0
IFS,2025-06,0.08154499128357129,0.11811752174443205,1.0,24.395334675115002,20,0.15458358092465307,1.0
IFS,2025-07,-0.04312170195326037,0.1307478227349328,0.9473684210526315,2.279314741615,19,0.11811752174443205,1.0
IFS,2025-08,0.103124219345605,0.10582983956864456,1.0,8.07252615482,20,0.1307478227349328,0.9473684210526315
IFS,2025-09,0.00250623550398954,0.4388535726294607,1.0,4.626985112374999,21,0.10582983956864456,1.0
IFS,2025-10,0.07499999255961365,0.1870997568408938,0.9545454545454546,4.9668790251149995,22,0.4388535726294607,1.0
IFS,2025-11,-0.06976743542205532,0.30259171971895626,1.0,6.088985423679999,19,0.1870997568408938,0.9545454545454546
IFS,2025-12,0.05299995902827037,0.3030629731899721,1.0,3.17400021168,19,0.30259171971895626,1.0
INRETC1,2018-01,0.047619109794829306,0.01852860393708761,0.9523809523809523,91.71715804790001,21,,
INRETC1,2018-02,-0.029545361541923665,0.0752477398973455,1.0,25.81044628397,18,0.01852860393708761,0.9523809523809523
INRETC1,2018-03,0.042154668755773006,0.007851368464553716,1.0,34.631979061295006,20,0.0752477398973455,1.0
INRETC1,2018-04,0.07415704767226305,0.012490721091377952,1.0,73.355821308325,20,0.007851368464553716,1.0
INRETC1,2018-05,0.05857757706672717,0.09256069887459828,1.0,54.274150749760004,21,0.012490721091377952,1.0
INRETC1,2018-06,-0.011857675739129658,0.013816107247752212,1.0,90.865595757565,20,0.09256069887459828,1.0
INRETC1,2018-07,0.031999760901838536,0.007796422506150691,0.9523809523809523,35.485129928375,21,0.013816107247752212,1.0
INRETC1,2018-08,0.007752125411360167,0.05758275330405379,1.0,77.286264695925,21,0.007796422506150691,0.9523809523809523
INRETC1,2018-09,0.003846026415715187,0.06519410615281314,0.8947368421052632,32.702093004830004,19,0.05758275330405379,1.0
INRETC1,2018-10,-0.011494311237800092,0.08891971343589822,0.9545454545454546,49.945756264574996,22,0.06519410615281314,0.8947368421052632
INRETC1,2018-11,0.13178312080548182,0.1456969991121846,1.0,74.012887544965,20,0.08891971343589822,0.9545454545454546
INRETC1,2018-12,-0.030821914860368005,0.005021564395958339,1.0,41.268154294990005,18,0.1456969991121846,1.0
INRETC1,2019-01,0.20671367977897104,0.007436458088176445,0.9523809523809523,72.30600563488,21,0.005021564395958339,1.0
INRETC1,2019-02,0.018741019907052126,0.008490163340700942,1.0,140.477630667175,19,0.007436458088176445,0.9523809523809523
INRETC1,2019-03,0.026156973365937475,0.027126342040214208,1.0,48.996844585665,21,0.008490163340700942,1.0
INRETC1,2019-04,0.09243691239900897,0.039557289571763805,1.0,46.075486689895,20,0.027126342040214208,1.0
INRETC1,2019-05,-0.06482904753043883,0.022464723234077846,1.0,933.8135755878899,21,0.039557289571763805,1.0
INRETC1,2019-06,0.0793913526974852,0.062343098522509265,0.95,45.22523084609,20,0.022464723234077846,1.0
INRETC1,2019-07,-0.0235774434030378,0.005235444668515367,1.0,70.479516619165,21,0.062343098522509265,0.95
INRETC1,2019-08,-0.00656187606359715,0.015325466947184641,0.9523809523809523,60.151368251425005,21,0.005235444668515367,1.0
INRETC1,2019-09,-0.038308987903476366,0.07594074191426814,1.0,38.29150842536,20,0.015325466947184641,0.9523809523809523
INRETC1,2019-10,-0.024725281733567694,0.02960699627318948,1.0,46.99923908116999,22,0.07594074191426814,1.0
INRETC1,2019-11,-0.008450664149816656,0.014150406257734727,1.0,63.185556608164994,19,0.02960699627318948,1.0
INRETC1,2019-12,0.014204520412697041,0.02479615499976763,0.9,29.710886235550003,20,0.014150406257734727,1.0
INRETC1,2020-01,0.044444573063115556,0.0026486678634623285,1.0,157.829127400215,21,0.02479615499976763,0.9
INRETC1,2020-02,-0.08776614039223773,0.015542963477107645,0.9473684210526315,47.357481335675004,19,0.0026486678634623285,1.0
INRETC1,2020-03,-0.09037881508588708,0.008186756541497028,1.0,90.867745765,22,0.015542963477107645,0.9473684210526315
INRETC1,2020-04,-0.006410274092425561,0.0891175108603722,1.0,54.35244240766501,20,0.008186756541497028,1.0
INRETC1,2020-05,0.008917640083047296,0.014252340193928447,1.0,43.934008564745,19,0.0891175108603722,1.0
INRETC1,2020-06,0.10713122975888756,0.010422603413645426,0.9047619047619048,103.04804542373,21,0.014252340193928447,1.0
INRETC1,2020-07,-0.04411755183602861,0.022994380848386734,1.0,37.052092979155,21,0.010422603413645426,0.9047619047619048
INRETC1,2020-08,-0.04000000547394067,0.017013574661936662,1.0,40.01842054820501,21,0.022994380848386734,1.0
INRETC1,2020-09,0.08942317629726326,0.00380111145640005,0.9523809523809523,92.51008137151499,21,0.017013574661936662,1.0
INRETC1,2020-10,-0.008531850127254104,0.053827230745293816,0.9545454545454546,50.800245834079995,22,0.00380111145640005,0.9523809523809523
INRETC1,2020-11,0.05341222832829251,0.007887255016679579,1.0,113.82574710544502,20,0.053827230745293816,0.9545454545454546
INRETC1,2020-12,0.10140840376688631,0.00856948955469394,1.0,67.645301017235,20,0.007887255016679579,1.0
INRETC1,2021-01,0.07142843365740537,0.00810008929602526,1.0,80.186996714665,19,0.00856948955469394,1.0
INRETC1,2021-02,0.059523842300745144,0.0017371268652287002,1.0,64.127648810935,19,0.00810008929602526,1.0
INRETC1,2021-03,-0.049438175969366505,0.019565924251110617,1.0,65.06970503808499,23,0.0017371268652287002,1.0
INRETC1,2021-04,-0.1631205908654314,0.02961183075884421,1.0,74.57918065081,20,0.019565924251110617,1.0
INRETC1,2021-05,0.07991863947839772,0.013327153677917206,1.0,72.517957609645,20,0.02961183075884421,1.0
INRETC1,2021-06,-0.0666665154245969,0.018179908188119362,1.0,60.352891746815004,21,0.013327153677917206,1.0
INRETC1,2021-07,0.0077143415040807906,0.03338353709649069,1.0,93.59961148410501,19,0.018179908188119362,1.0
INRETC1,2021-08,-0.19194793495109652,0.06818799281819754,0.9523809523809523,40.116939193620006,21,0.03338353709649069,1.0
INRETC1,2021-09,0.17192984174922188,0.00771716476613881,1.0,160.670855925125,21,0.06818799281819754,0.9523809523809523
INRETC1,2021-10,0.1077843896830597,0.037614617845774766,1.0,381.83969395462003,20,0.00771716476613881,1.0
INRETC1,2021-11,-0.02945741753868636,0.04245383211247747,0.95,68.59477964230999,20,0.037614617845774766,1.0
INRETC1,2021-12,-0.021831754132304315,0.021741887478330505,0.95,23.30586527634,20,0.04245383211247747,0.95
INRETC1,2022-01,0.0014305977123927338,0.04156042159748815,1.0,47.752346099745004,20,0.021741887478330505,0.95
INRETC1,2022-02,0.01114274589055797,0.08040261652720407,1.0,32.66508496692,19,0.04156042159748815,1.0
INRETC1,2022-03,0.06018672333814168,0.19335959463724517,1.0,109.09898672297,23,0.08040261652720407,1.0
INRETC1,2022-04,-0.029851018998074963,0.00404115921684129,1.0,123.597341562835,19,0.19335959463724517,1.0
INRETC1,2022-05,-0.15559650231848465,0.01341561055437179,1.0,33.514918355149995,21,0.00404115921684129,1.0
INRETC1,2022-06,-0.14394933175575364,0.05744464029089913,1.0,13.193330029864999,20,0.01341561055437179,1.0
INRETC1,2022-07,0.14174745454862347,0.2321843848649618,1.0,94.88370764759999,18,0.05744464029089913,1.0
INRETC1,2022-08,0.0530611945071493,0.05273531915384735,1.0,72.264027747535,22,0.2321843848649618,1.0
INRETC1,2022-09,0.0739664323966489,0.004642778226476919,1.0,115.52830669512501,21,0.05273531915384735,1.0
INRETC1,2022-10,0.037593960307337415,0.01991258826194727,0.9523809523809523,86.01328754538501,21,0.004642778226476919,1.0
INRETC1,2022-11,0.04376805861947486,0.028677182487256488,1.0,250.90304085490496,20,0.01991258826194727,0.9523809523809523
INRETC1,2022-12,-0.0833101202407136,0.09695700448576755,1.0,248.54482379352999,19,0.028677182487256488,1.0
INRETC1,2023-01,0.04210842237047441,0.1040755460283636,1.0,43.487370014875005,20,0.09695700448576755,1.0
INRETC1,2023-02,-0.011627928947802402,0.23946631661405887,0.8421052631578947,7.9874452252250006,19,0.1040755460283636,1.0
INRETC1,2023-03,-0.020588212984431142,0.05521268163393479,0.9130434782608695,8.344326939295001,23,0.23946631661405887,0.8421052631578947
INRETC1,2023-04,-0.022522533584011017,0.008515700188242081,0.8888888888888888,9.838167045849998,18,0.05521268163393479,0.9130434782608695
INRETC1,2023-05,0.056078951602940075,0.12603828983458504,0.9523809523809523,30.942232202575003,21,0.008515700188242081,0.8888888888888888
INRETC1,2023-06,0.023880525640921135,0.05943182204963967,1.0,8.370937180075,19,0.12603828983458504,0.9523809523809523
INRETC1,2023-07,-0.020408163265305923,0.06871534543125932,0.8421052631578947,3.7924318226850007,19,0.05943182204963967,1.0
INRETC1,2023-08,0.007440484878206588,0.02367852261361561,0.9545454545454546,12.795590822325,22,0.06871534543125932,0.8421052631578947
INRETC1,2023-09,-0.08124074152324912,0.10031751208749752,0.95,25.699477256225002,20,0.02367852261361561,0.9545454545454546
INRETC1,2023-10,-0.012861698307117031,0.11309574029372367,0.9545454545454546,6.406545839265001,22,0.10031751208749752,0.95
INRETC1,2023-11,0.09934846959442711,0.011917868490182537,0.95,15.933706233500002,20,0.11309574029372367,0.9545454545454546
INRETC1,2023-12,0.0773332939394844,0.031089869816139405,1.0,101.30506079946,19,0.011917868490182537,0.95
INRETC1,2024-01,-0.0236523303678845,0.04155130322420834,0.9523809523809523,170.79744974042495,21,0.031089869816139405,1.0
INRETC1,2024-02,0.011267687676030258,0.01050529026656579,1.0,16.42184648036,20,0.04155130322420834,0.9523809523809523
INRETC1,2024-03,-0.055710309101963174,0.061277528157181176,1.0,24.41385304205,19,0.01050529026656579,1.0
INRETC1,2024-04,-0.029495181271111948,0.03285559458093756,1.0,39.22726125166499,22,0.061277528157181176,1.0
INRETC1,2024-05,-0.021874991266088717,0.047053546564312945,1.0,13.376322377325,21,0.03285559458093756,1.0
INRETC1,2024-06,-0.09808306333964523,0.012610350019329622,1.0,186.88135235826496,18,0.047053546564312945,1.0
INRETC1,2024-07,0.04144519355353826,0.004055076528628185,1.0,33.922375997575,20,0.012610350019329622,1.0
INRETC1,2024-08,0.006802825018210168,0.024035402937255174,1.0,44.107540727110006,20,0.004055076528628185,1.0
INRETC1,2024-09,0.015202648035130606,0.011764234271356689,0.95,38.677012003685014,20,0.024035402937255174,1.0
INRETC1,2024-10,0.05623960722434451,0.011273392486558028,1.0,38.48056355623,22,0.011764234271356689,0.95
INRETC1,2024-11,-0.021739157659377617,0.025735085651093493,1.0,18.465703133765,19,0.011273392486558028,1.0
INRETC1,2024-12,0.01449276661032961,0.005301574686870289,1.0,68.45196741951001,19,0.025735085651093493,1.0
INRETC1,2025-01,-0.025196857688450258,0.09927021093552692,1.0,14.941556066645001,20,0.005301574686870289,1.0
INRETC1,2025-02,-0.07915996691650484,0.025189973549166206,0.8947368421052632,32.287819719815,19,0.09927021093552692,1.0
INRETC1,2025-03,-0.003508720790761921,0.10785430147701078,1.0,25.121709048929997,21,0.025189973549166206,0.8947368421052632
INRETC1,2025-04,-0.014084580965451066,0.10165413372754775,1.0,9.55336001381,20,0.10785430147701078,1.0
INRETC1,2025-05,-0.035714262899171234,0.00518504345171048,1.0,221.627236208915,20,0.10165413372754775,1.0
INRETC1,2025-06,0.022260101545441335,0.015340657390140861,1.0,44.472115435160006,20,0.00518504345171048,1.0
INRETC1,2025-07,-0.003334543760692865,0.05752191951106287,1.0,16.61227070889,19,0.015340657390140861,1.0
INRETC1,2025-08,-1.1102230246251565e-16,0.007983112914318115,1.0,10.20198745798,20,0.05752191951106287,1.0
INRETC1,2025-09,0.022304836205260914,0.014127539898588741,1.0,32.82572708037,21,0.007983112914318115,1.0
INRETC1,2025-10,-0.0727273074203052,0.019989327949106822,1.0,33.419817356375,22,0.014127539898588741,1.0
INRETC1,2025-11,-0.02941175125638429,0.009893369664822443,1.0,303.4777251657,19,0.019989327949106822,1.0
INRETC1,2025-12,0.010101005342021407,0.10042017686534291,1.0,127.948674498115,19,0.009893369664822443,1.0
INTERBC1,2018-01,-0.011363591966933706,0.028791532915466284,0.42857142857142855,0.29736695,21,,
INTERBC1,2018-02,0.0,0.0,0.6842105263157895,0.11267630000000001,19,0.028791532915466284,0.42857142857142855
INTERBC1,2018-03,0.006896268764445823,0.14995148433237276,0.35,0.17714960999999999,20,0.0,0.6842105263157895
INTERBC1,2018-04,0.015505765862543042,0.25353244653327456,0.5,0.19769872000000002,20,0.14995148433237276,0.35
INTERBC1,2018-05,0.20391558907241603,1.1279347001938962,0.47619047619047616,0.2337613,21,0.25353244653327456,0.5
INTERBC1,2018-06,-0.08478272014992061,0.849394929405887,0.45,0.10689343,20,1.1279347001938962,0.47619047619047616
INTERBC1,2018-07,0.009501248910066762,0.199685766701437,0.5714285714285714,0.132839,21,0.849394929405887,0.45
INTERBC1,2018-08,0.0023530073017317132,0.008577600254198426,0.36363636363636365,0.06849240000000001,22,0.199685766701437,0.5714285714285714
INTERBC1,2018-09,0.0023473817018619947,0.004858969056053743,0.3684210526315789,0.19306659000000004,19,0.008577600254198426,0.36363636363636365
INTERBC1,2018-10,0.03044490412809009,0.09358747521773132,0.3181818181818182,0.06617630000000001,22,0.004858969056053743,0.3684210526315789
INTERBC1,2018-11,2.220446049250313e-16,0.5733970509741281,0.6,0.13773723999999998,20,0.09358747521773132,0.3181818181818182
INTERBC1,2018-12,-0.04772703604829487,1.8206796306410238,0.2222222222222222,0.04998663,18,0.5733970509741281,0.6
INTERBC1,2019-01,0.054892369873722924,0.4162251838926757,0.47619047619047616,0.1488345,21,1.8206796306410238,0.2222222222222222
INTERBC1,2019-02,0.018099564851852712,0.13965713620256723,0.42105263157894735,0.154157,19,0.4162251838926757,0.47619047619047616
INTERBC1,2019-03,-0.017777794507245814,0.27623427424510233,0.42857142857142855,0.06752037,21,0.13965713620256723,0.42105263157894735
INTERBC1,2019-04,0.06536861815799222,0.7768376381475753,0.3,0.1518777,20,0.27623427424510233,0.42857142857142855
INTERBC1,2019-05,0.10066708141160263,0.7278012793732445,0.5238095238095238,0.23143753,21,0.7768376381475753,0.3
INTERBC1,2019-06,-0.044943963340656534,0.38949503661693924,0.45,0.1879304,20,0.7278012793732445,0.5238095238095238
INTERBC1,2019-07,-0.011764569624804433,1.9031338573677077,0.19047619047619047,0.0724028,21,0.38949503661693924,0.45
INTERBC1,2019-08,-0.0023809777484190553,0.10578057455131844,0.3333333333333333,0.09830686999999999,21,1.9031338573677077,0.19047619047619047
INTERBC1,2019-09,-1.1102230246251565e-16,0.336709254019113,0.55,0.17464264000000002,20,0.10578057455131844,0.3333333333333333
INTERBC1,2019-10,0.016706444338892457,0.38127211030205943,0.3181818181818182,0.0428054,22,0.336709254019113,0.55
INTERBC1,2019-11,-0.0023475304448911105,0.0849784776431171,0.2631578947368421,0.04454425,19,0.38127211030205943,0.3181818181818182
INTERBC1,2019-12,0.08235321575607513,0.5776321469446606,0.35,0.15154858999999998,20,0.0849784776431171,0.2631578947368421
INTERBC1,2020-01,0.0043477908410476385,0.11763503357812875,0.19047619047619047,0.020418099999999998,21,0.5776321469446606,0.35
INTERBC1,2020-02,0.0043289693875927515,0.6457896366424192,0.21052631578947367,0.074284,19,0.11763503357812875,0.19047619047619047
INTERBC1,2020-03,-0.025861941487215545,0.3543224132636843,0.5,0.18112061,22,0.6457896366424192,0.21052631578947367
INTERBC1,2020-04,0.010774631497636689,0.024584195129960674,0.4,0.08771522999999999,20,0.3543224132636843,0.5
INTERBC1,2020-05,-0.066666759170398,0.7693281770740127,0.3157894736842105,0.0614521,19,0.024584195129960674,0.4
INTERBC1,2020-06,-0.023809413454671025,0.9402341941849874,0.23809523809523808,0.1516465,21,0.7693281770740127,0.3157894736842105
INTERBC1,2020-07,0.0,0.0,0.23809523809523808,0.0776266,21,0.9402341941849874,0.23809523809523808
INTERBC1,2020-08,0.07317065304823323,0.5536547605931822,0.23809523809523808,0.058061520000000005,21,0.0,0.23809523809523808
INTERBC1,2020-09,0.0,0.6378868124479493,0.42857142857142855,0.0931008,21,0.5536547605931822,0.23809523809523808
INTERBC1,2020-10,0.0,0.0,0.09090909090909091,0.00655,22,0.6378868124479493,0.42857142857142855
INTERBC1,2020-11,0.0045455167729926416,0.1129268156581083,0.45,0.19609948,20,0.0,0.09090909090909091
INTERBC1,2020-12,-0.1515838233982877,0.6133197058420833,0.5,0.27221963,20,0.1129268156581083,0.45
INTERBC1,2021-01,0.018666972516691693,0.19593559182585465,0.2631578947368421,0.07938935000000001,19,0.6133197058420833,0.5
INTERBC1,2021-02,0.00785336463089914,0.5801375183693595,0.3157894736842105,0.09101475,19,0.19593559182585465,0.2631578947368421
INTERBC1,2021-03,-0.0025974853609419535,0.03150261798772712,0.21739130434782608,0.08231275,23,0.5801375183693595,0.3157894736842105
INTERBC1,2021-04,0.0,0.0,0.05,0.000187,20,0.03150261798772712,0.21739130434782608
INTERBC1,2021-05,6.695467378303732e-07,0.0,0.05,0.00345,20,0.0,0.05
INTERBC1,2021-06,0.0,,0.0,0.0,21,0.0,0.05
INTERBC1,2021-07,-0.1791662828731685,0.3455743417256973,0.631578947368421,0.29763801,19,,0.0
INTERBC1,2021-08,-0.08333339159694264,0.8642270169178182,0.19047619047619047,0.04971025,21,0.3455743417256973,0.631578947368421
INTERBC1,2021-09,0.0,0.0,0.2857142857142857,0.020195,21,0.8642270169178182,0.19047619047619047
INTERBC1,2021-10,0.018181806625399366,0.5316489348873127,0.45,0.1641882,20,0.0,0.2857142857142857
INTERBC1,2021-11,0.0,0.0,0.2,0.021093599999999997,20,0.5316489348873127,0.45
INTERBC1,2021-12,0.0,0.06762232293762721,0.35,0.9412882400000001,20,0.0,0.2
INTERBC1,2022-01,0.03571451312073681,0.46235322948469637,0.3,0.10941338,20,0.06762232293762721,0.35
INTERBC1,2022-02,-0.017241425034454694,0.5071732590283553,0.2631578947368421,0.1442514,19,0.46235322948469637,0.3
INTERBC1,2022-03,0.1052627673187796,1.5601051387835876,0.30434782608695654,0.047499849999999996,23,0.5071732590283553,0.2631578947368421
INTERBC1,2022-04,-0.020300489370051356,0.8162170622323089,0.47368421052631576,0.1545588,19,1.5601051387835876,0.30434782608695654
INTERBC1,2022-05,-0.05369118963914732,1.135418798842499,0.3333333333333333,0.14158774,21,0.8162170622323089,0.47368421052631576
INTERBC1,2022-06,-0.024822993661319348,0.1621845470312396,0.4,0.0741416,20,1.135418798842499,0.3333333333333333
INTERBC1,2022-07,-0.03636340983019737,0.27702500175369854,0.2222222222222222,0.08014879999999999,18,0.1621845470312396,0.4
INTERBC1,2022-08,0.07169796178855092,0.3946140822958324,0.5909090909090909,0.46663357,22,0.27702500175369854,0.2222222222222222
INTERBC1,2022-09,0.02373829996102539,0.7682017928158384,0.42857142857142855,0.44044671999999996,21,0.3946140822958324,0.5909090909090909
INTERBC1,2022-10,0.0,0.0,0.38095238095238093,0.08528995,21,0.7682017928158384,0.42857142857142855
INTERBC1,2022-11,-0.02641502336167012,0.41741035808001287,0.3,0.07562537,20,0.0,0.38095238095238093
INTERBC1,2022-12,0.007751763260498867,0.2714999450293492,0.05263157894736842,0.02855162,19,0.41741035808001287,0.3
INTERBC1,2023-01,0.0,0.0,0.25,0.0793968,20,0.2714999450293492,0.05263157894736842
INTERBC1,2023-02,-0.11538475648079083,1.1581357070353044,0.3157894736842105,0.0636077,19,0.0,0.25
INTERBC1,2023-03,0.0,0.0,0.2608695652173913,0.022738099999999997,23,1.1581357070353044,0.3157894736842105
INTERBC1,2023-04,-0.0549402089366271,1.2943748276888254,0.2222222222222222,0.03646363,18,0.0,0.2608695652173913
INTERBC1,2023-05,-0.028846482544097607,0.14218773881751826,0.42857142857142855,0.06524412,21,1.2943748276888254,0.2222222222222222
INTERBC1,2023-06,0.0003630043672755434,0.002305645243932886,0.35,0.055814020000000006,20,0.14218773881751826,0.42857142857142855
INTERBC1,2023-07,-0.03225807391630475,0.5761513446118788,0.3157894736842105,0.29522736,19,0.002305645243932886,0.35
INTERBC1,2023-08,-0.022222203820507103,0.6971656712703094,0.18181818181818182,0.0998088,22,0.5761513446118788,0.3157894736842105
INTERBC1,2023-09,-0.00568175562691875,0.21138658104024796,0.35,0.059400949999999994,20,0.6971656712703094,0.18181818181818182
INTERBC1,2023-10,0.0,0.0,0.3181818181818182,0.06334125,22,0.21138658104024796,0.35
INTERBC1,2023-11,0.0,0.0,0.15,0.00667425,20,0.0,0.3181818181818182
INTERBC1,2023-12,-0.08571434323415006,0.7617382897250128,0.47368421052631576,0.19038504,19,0.0,0.15
INTERBC1,2024-01,-0.03124999470689316,0.2800245660838958,0.2857142857142857,0.30394095,21,0.7617382897250128,0.47368421052631576
INTERBC1,2024-02,0.012903345940698863,0.1915778946847039,0.15,0.02512,20,0.2800245660838958,0.2857142857142857
INTERBC1,2024-03,0.14649665146639412,0.5761513446118788,0.3157894736842105,0.0354636,19,0.1915778946847039,0.15
INTERBC1,2024-04,0.034684915881662004,0.0,0.2727272727272727,0.2182939,22,0.5761513446118788,0.3157894736842105
INTERBC1,2024-05,-0.11111101410284363,0.4321135084589091,0.38095238095238093,0.041162409999999997,21,0.0,0.2727272727272727
INTERBC1,2024-06,0.06249997953732089,0.3907555211759753,0.7222222222222222,0.03893849,18,0.4321135084589091,0.38095238095238093
INTERBC1,2024-07,0.012988264571411667,0.33168144975874403,1.0,0.50263018,20,0.3907555211759753,0.7222222222222222
INTERBC1,2024-08,-0.12315342526196127,0.3772189822530658,0.9,0.09754175999999999,20,0.33168144975874403,1.0
INTERBC1,2024-09,0.006622471181391587,0.03566834601560132,0.9,0.04994473999999999,20,0.3772189822530658,0.9
INTERBC1,2024-10,0.052631651502025534,0.22145788799933872,0.7272727272727273,0.05847811,22,0.03566834601560132,0.9
INTERBC1,2024-11,-0.006250038879090369,0.21618811108365896,0.8947368421052632,0.16103203,19,0.22145788799933872,0.7272727272727273
INTERBC1,2024-12,-0.050314450904187624,0.27472771264863133,0.8421052631578947,0.12531759,19,0.21618811108365896,0.8947368421052632
INTERBC1,2025-01,-0.03973500054682799,0.054046366204389164,0.7,0.23884949999999996,20,0.27472771264863133,0.8421052631578947
INTERBC1,2025-02,-0.02068978224053175,0.12904501591924467,0.631578947368421,0.019541950000000002,19,0.054046366204389164,0.7
INTERBC1,2025-03,0.09859152201761323,0.24692200483366236,0.6666666666666666,0.01981822,21,0.12904501591924467,0.631578947368421
INTERBC1,2025-04,-0.04343763298119041,0.8372096647240752,0.7,0.11088296,20,0.24692200483366236,0.6666666666666666
INTERBC1,2025-05,0.11888118332146691,0.4660840634892671,0.8,0.5812737299999999,20,0.8372096647240752,0.7
INTERBC1,2025-06,-0.03125006127885932,0.32047411714621243,0.9,0.15590652000000002,20,0.4660840634892671,0.8
INTERBC1,2025-07,0.0,0.4066950667848556,0.8947368421052632,0.04873403999999999,19,0.32047411714621243,0.9
INTERBC1,2025-08,-0.032258048845064,0.28315103909265293,0.85,0.18896897,20,0.4066950667848556,0.8947368421052632
INTERBC1,2025-09,-0.03333331660011862,0.2033475333924278,0.8095238095238095,0.03489261,21,0.28315103909265293,0.85
INTERBC1,2025-10,0.1034483086918001,0.3528119476670682,0.7727272727272727,0.06715898,22,0.2033475333924278,0.8095238095238095
INTERBC1,2025-11,-0.06250004412077892,0.1945102829602232,0.8421052631578947,0.05396852,19,0.3528119476670682,0.7727272727272727
INTERBC1,2025-12,0.0,0.0,0.9473684210526315,0.03626263,19,0.1945102829602232,0.8421052631578947
LUSURC1,2018-01,4.440892098500626e-16,0.044034796677634325,1.0,9.359279260000001,21,,
LUSURC1,2018-02,0.005833401828626128,0.06383505569273332,1.0,2.4217539,18,0.044034796677634325,1.0
LUSURC1,2018-03,-0.018226863523230996,0.060699824693069594,0.9,1.6750298599999998,20,0.06383505569273332,1.0
LUSURC1,2018-04,0.043990245370729486,0.07021277632485216,1.0,1.8820319100000003,20,0.060699824693069594,0.9
LUSURC1,2018-05,0.020408168260218407,0.11494863020642249,1.0,3.8960798400000005,21,0.07021277632485216,1.0
LUSURC1,2018-06,-0.025758639481105017,0.22939590974150686,1.0,7.371488360000001,20,0.11494863020642249,1.0
LUSURC1,2018-07,0.01836355436872017,0.07305424330087432,0.9523809523809523,5.507624580000002,21,0.22939590974150686,1.0
LUSURC1,2018-08,-0.016393296973759464,0.10229588359213855,0.9523809523809523,1.8526724300000001,21,0.07305424330087432,0.9523809523809523
LUSURC1,2018-09,0.004526292368550511,0.0278105011455555,1.0,4.381810560000001,19,0.10229588359213855,0.9523809523809523
LUSURC1,2018-10,-0.04472590347793093,0.057189594976222675,1.0,9.662011029999997,22,0.0278105011455555,1.0
LUSURC1,2018-11,-0.07243825757677558,0.1643896000259455,0.95,3.51255087,20,0.057189594976222675,1.0
LUSURC1,2018-12,0.06506706541065066,0.07528156137192304,0.8888888888888888,1.66513936,18,0.1643896000259455,0.95
LUSURC1,2019-01,-0.013698523588228428,0.044922606252146016,0.9523809523809523,39.571515209999994,21,0.07528156137192304,0.8888888888888888
LUSURC1,2019-02,0.12685178467407332,0.0645765979075996,1.0,14.26505148,19,0.044922606252146016,0.9523809523809523
LUSURC1,2019-03,-0.022185657214286558,0.07758142871154712,0.9523809523809523,12.95626824,21,0.0645765979075996,1.0
LUSURC1,2019-04,0.00585691077897077,0.03904568629103149,1.0,5.656088469999999,20,0.07758142871154712,0.9523809523809523
LUSURC1,2019-05,0.04641322789980862,0.0033656265082751104,0.9523809523809523,51.079751189999996,21,0.03904568629103149,1.0
LUSURC1,2019-06,0.13314694961270312,0.013900596889517912,0.95,27.8864054,20,0.0033656265082751104,0.9523809523809523
LUSURC1,2019-07,0.031227218651439737,0.05823272136786713,0.9523809523809523,21.40936241,21,0.013900596889517912,0.95
LUSURC1,2019-08,0.056338234434084145,0.04785037134142247,0.8571428571428571,33.39670398999999,21,0.05823272136786713,0.9523809523809523
LUSURC1,2019-09,0.5569226712509499,0.03647193727954488,0.95,20.05008026,20,0.04785037134142247,0.8571428571428571
LUSURC1,2019-10,0.04130468421606426,0.00853903482667649,1.0,71.54567645,22,0.03647193727954488,0.95
LUSURC1,2019-11,0.0016701806606307379,0.006655983042698774,1.0,43.69955209,19,0.00853903482667649,1.0
LUSURC1,2019-12,0.11862131491787786,0.017450340393472125,1.0,92.61850209,20,0.006655983042698774,1.0
LUSURC1,2020-01,-0.06796125291681399,0.007557738411650657,1.0,21.08853211,21,0.017450340393472125,1.0
LUSURC1,2020-02,0.1250000139516667,0.09299565631621724,1.0,23.638102189999998,19,0.007557738411650657,1.0
LUSURC1,2020-03,-0.14814829512866812,0.06345677870463248,0.9545454545454546,27.34142253,22,0.09299565631621724,1.0
LUSURC1,2020-04,0.17391324602801106,0.027801942195899453,0.95,43.14374115999999,20,0.06345677870463248,0.9545454545454546
LUSURC1,2020-05,-0.01851838807330597,0.014076232273748728,0.7368421052631579,21.43946584,19,0.027801942195899453,0.95
LUSURC1,2020-06,0.020754517483750234,0.37521551802770986,0.7142857142857143,16.72736004,21,0.014076232273748728,0.7368421052631579
LUSURC1,2020-07,0.002957485294767359,0.22776032874883298,0.8095238095238095,12.600517409999998,21,0.37521551802770986,0.7142857142857143
LUSURC1,2020-08,0.03206792357521615,0.25868794689151114,0.7619047619047619,12.7900552,21,0.22776032874883298,0.8095238095238095
LUSURC1,2020-09,-0.0054158932660233194,0.025983618572513845,1.0,66.46984078999999,21,0.25868794689151114,0.7619047619047619
LUSURC1,2020-10,-0.05454551750586689,0.24333634711606908,0.8181818181818182,14.036181370000001,22,0.025983618572513845,1.0
LUSURC1,2020-11,0.018076869859641187,0.006498105234057947,0.95,18.31216326,20,0.24333634711606908,0.8181818181818182
LUSURC1,2020-12,-0.004489965232498672,0.08066626130129799,0.85,74.47662774,20,0.006498105234057947,0.95
LUSURC1,2021-01,0.0745098259973771,0.20325360356834515,0.8421052631578947,114.89155158,19,0.08066626130129799,0.85
LUSURC1,2021-02,-0.15328471881225736,0.2552890182322958,0.9473684210526315,9.220472250000002,19,0.20325360356834515,0.8421052631578947
LUSURC1,2021-03,-0.3706896241383746,0.39893197464030766,0.9565217391304348,17.93233864,23,0.2552890182322958,0.9473684210526315
LUSURC1,2021-04,-0.13303184690603265,0.2964093609721012,0.95,2.8974023399999997,20,0.39893197464030766,0.9565217391304348
LUSURC1,2021-05,-0.08000007835412604,0.8094034402317217,0.75,0.9928967200000001,20,0.2964093609721012,0.95
LUSURC1,2021-06,0.005777160487463684,0.49239057108533235,0.9047619047619048,1.3602782399999997,21,0.8094034402317217,0.75
LUSURC1,2021-07,-0.07079665935053248,0.4903108649571571,0.8421052631578947,1.0134094200000001,19,0.49239057108533235,0.9047619047619048
LUSURC1,2021-08,0.004762024098859063,0.24175227185441592,0.8095238095238095,0.5498577,21,0.4903108649571571,0.8421052631578947
LUSURC1,2021-09,0.13846430163334245,0.34047080274932434,0.7142857142857143,0.60167171,21,0.24175227185441592,0.8095238095238095
LUSURC1,2021-10,0.15384636349637448,0.47201536340111516,0.75,1.08871523,20,0.34047080274932434,0.7142857142857143
LUSURC1,2021-11,0.057777773336299854,0.48861641766010017,0.85,3.0714640600000007,20,0.47201536340111516,0.75
LUSURC1,2021-12,0.016463249722351803,0.3058161808749968,0.85,0.81879023,20,0.48861641766010017,0.85
LUSURC1,2022-01,0.13132025023375538,0.21036392316589947,0.95,0.6906129299999999,20,0.3058161808749968,0.85
LUSURC1,2022-02,0.055245309444013735,0.6403172240172874,0.8421052631578947,1.36599724,19,0.21036392316589947,0.95
LUSURC1,2022-03,8.881784197001252e-16,0.7389574779534525,0.7391304347826086,0.83145278,23,0.6403172240172874,0.8421052631578947
LUSURC1,2022-04,-0.04657410590406941,0.45259669813382614,0.5789473684210527,0.38645025,19,0.7389574779534525,0.7391304347826086
LUSURC1,2022-05,-0.09375004871633441,0.4509100508281318,0.7142857142857143,0.7807808800000001,21,0.45259669813382614,0.5789473684210527
LUSURC1,2022-06,0.08896555842426923,0.37237710578912026,0.75,0.42466661,20,0.4509100508281318,0.7142857142857143
LUSURC1,2022-07,0.013299572831005024,0.24224970445674723,0.6666666666666666,0.49904195999999995,18,0.37237710578912026,0.75
LUSURC1,2022-08,-0.04062508049794333,0.303171456379767,0.6363636363636364,0.9354113000000001,22,0.24224970445674723,0.6666666666666666
LUSURC1,2022-09,-0.07491859651658628,0.21638767653718075,0.8095238095238095,0.45755952000000005,21,0.303171456379767,0.6363636363636364
LUSURC1,2022-10,0.05633803052519526,0.20691666863825736,0.9047619047619048,2.25221153,21,0.21638767653718075,0.8095238095238095
LUSURC1,2022-11,0.12605844430620738,0.4189485931684425,0.85,1.3596534299999998,20,0.20691666863825736,0.9047619047619048
LUSURC1,2022-12,-0.04475091683764132,0.3306020739377537,0.8947368421052632,0.5707754899999999,19,0.4189485931684425,0.85
LUSURC1,2023-01,-0.01315786858473511,0.12112670654389654,1.0,0.78123468,20,0.3306020739377537,0.8947368421052632
LUSURC1,2023-02,-0.03333330349539487,0.09482821391345926,1.0,0.45731181,19,0.12112670654389654,1.0
LUSURC1,2023-03,2.220446049250313e-16,0.508137135974112,0.8260869565217391,0.32351005000000005,23,0.09482821391345926,1.0
LUSURC1,2023-04,0.0,0.0,0.7222222222222222,0.21331888000000002,18,0.508137135974112,0.8260869565217391
LUSURC1,2023-05,0.03824292412608643,0.05674343159198056,0.8571428571428571,1.31338992,21,0.0,0.7222222222222222
LUSURC1,2023-06,-0.013605431053447803,0.22917943541374033,0.8947368421052632,0.8782875600000001,19,0.05674343159198056,0.8571428571428571
LUSURC1,2023-07,0.09586211760514662,0.2881643955145437,0.9473684210526315,0.6231894099999999,19,0.22917943541374033,0.8947368421052632
LUSURC1,2023-08,-0.0007467174856270464,0.3138090758760866,1.0,1.11241259,22,0.2881643955145437,0.9473684210526315
LUSURC1,2023-09,0.03026390040785709,0.17483188931310567,0.9,0.33237616000000003,20,0.3138090758760866,1.0
LUSURC1,2023-10,-0.06249998330284634,0.33768139843977457,0.8636363636363636,0.30192269,22,0.17483188931310567,0.9
LUSURC1,2023-11,0.03266672005006277,0.07172962161372101,0.9,0.7470084699999999,20,0.33768139843977457,0.8636363636363636
LUSURC1,2023-12,0.025116173374364337,0.41621343735577526,0.7894736842105263,0.4314094299999999,19,0.07172962161372101,0.9
LUSURC1,2024-01,0.013530802563140432,0.23519935014589147,0.7619047619047619,0.40339574,21,0.41621343735577526,0.7894736842105263
LUSURC1,2024-02,-0.003814285180248511,0.4348345591844256,0.9,0.9218404400000001,20,0.23519935014589147,0.7619047619047619
LUSURC1,2024-03,0.021059326360704178,0.09645339827201738,0.8421052631578947,0.82177488,19,0.4348345591844256,0.9
LUSURC1,2024-04,0.01701841073417465,0.18530154681723807,0.7272727272727273,0.73247962,22,0.09645339827201738,0.8421052631578947
LUSURC1,2024-05,0.047140179758240475,0.3290076513864686,0.9523809523809523,0.64974341,21,0.18530154681723807,0.7272727272727273
LUSURC1,2024-06,0.005402248467632598,0.345825299922744,1.0,0.24301881,18,0.3290076513864686,0.9523809523809523
LUSURC1,2024-07,-0.013134282787512053,0.25650288845914215,1.0,0.25786261,20,0.345825299922744,1.0
LUSURC1,2024-08,-0.050211857365065726,0.2089431030882805,0.7,0.22681921000000002,20,0.25650288845914215,1.0
LUSURC1,2024-09,0.00700654082138219,0.20482362073208113,0.95,0.27497685,20,0.2089431030882805,0.7
LUSURC1,2024-10,-0.015812908358998623,0.34468865554107325,0.7272727272727273,0.32456435,22,0.20482362073208113,0.95
LUSURC1,2024-11,0.008997392526204129,0.06877456293650785,0.8947368421052632,0.44488444999999993,19,0.34468865554107325,0.7272727272727273
LUSURC1,2024-12,-0.044585871672308985,0.34716540703210685,0.8421052631578947,0.24934738999999997,19,0.06877456293650785,0.8947368421052632
LUSURC1,2025-01,-0.0100000701224221,0.06729490981314695,0.95,0.565994,20,0.34716540703210685,0.8421052631578947
LUSURC1,2025-02,-0.06734001709565063,0.17723794362713677,0.8947368421052632,0.71795146,19,0.06729490981314695,0.95
LUSURC1,2025-03,-0.007784569640738259,0.5902746936337903,1.0,0.35821076,21,0.17723794362713677,0.8947368421052632
LUSURC1,2025-04,-0.02019448322878059,0.45662413295407966,0.9,0.35663413999999993,20,0.5902746936337903,1.0
LUSURC1,2025-05,0.007633594733707172,0.4247873172477333,0.8,0.28324292,20,0.45662413295407966,0.9
LUSURC1,2025-06,-0.05303035092837527,0.20511604129037195,0.85,0.73320983,20,0.4247873172477333,0.8
LUSURC1,2025-07,-0.008000007630409312,0.11338013930325891,0.9473684210526315,1.27567708,19,0.20511604129037195,0.85
LUSURC1,2025-08,-0.03225801540760709,0.2219078182968465,1.0,0.8987032200000001,20,0.11338013930325891,0.9473684210526315
LUSURC1,2025-09,2.220446049250313e-16,0.1095309787107468,0.7619047619047619,0.49307106999999994,21,0.2219078182968465,1.0
LUSURC1,2025-10,-0.015000013661214617,0.10008692026267287,0.8181818181818182,0.25350495,22,0.1095309787107468,0.7619047619047619
LUSURC1,2025-11,0.015228440476399596,0.10573197487549803,0.7894736842105263,0.25848722,19,0.10008692026267287,0.8181818181818182
LUSURC1,2025-12,0.008333423718137167,0.18637855594390995,0.8947368421052632,0.5752016600000001,19,0.10573197487549803,0.7894736842105263
MINSURI1,2018-01,0.04395593146273358,0.09647425066084955,0.9047619047619048,15.156019519999997,21,,
MINSURI1,2018-02,-0.07894725149255943,0.28949660422128626,0.8888888888888888,2.14452025,18,0.09647425066084955,0.9047619047619048
MINSURI1,2018-03,-0.011428708310428526,0.616086511190227,0.55,2.76349578,20,0.28949660422128626,0.8888888888888888
MINSURI1,2018-04,0.046242830008897284,0.21285699488913953,0.75,1.96100263,20,0.616086511190227,0.55
MINSURI1,2018-05,-0.06077348999319909,0.2367682026238108,0.9047619047619048,4.390877199999999,21,0.21285699488913953,0.75
MINSURI1,2018-06,-0.08823524627058132,0.14926128501546782,0.95,23.153968719999998,20,0.2367682026238108,0.9047619047619048
MINSURI1,2018-07,0.058064556721076466,0.2936033687024149,0.8095238095238095,6.3977479399999995,21,0.14926128501546782,0.95
MINSURI1,2018-08,-0.0670730868487941,0.30167664379289855,0.8095238095238095,3.20052887,21,0.2936033687024149,0.8095238095238095
MINSURI1,2018-09,-0.05228782295545953,0.28138466810655166,0.8421052631578947,3.3291335999999996,19,0.30167664379289855,0.8095238095238095
MINSURI1,2018-10,-0.06896525070634685,0.23173608489335235,0.9545454545454546,2.46477377,22,0.28138466810655166,0.8421052631578947
MINSURI1,2018-11,0.051851604267264095,0.35202167607998364,0.85,1.03141643,20,0.23173608489335235,0.9545454545454546
MINSURI1,2018-12,-0.028168944785965433,0.09456518351198438,0.8888888888888888,7.60315192,18,0.35202167607998364,0.85
MINSURI1,2019-01,0.0724636901559983,0.3335640069818864,0.8571428571428571,5.2652927799999985,21,0.09456518351198438,0.8888888888888888
MINSURI1,2019-02,0.2162163730422375,0.06217045786836092,0.8421052631578947,68.39155720999999,19,0.3335640069818864,0.8571428571428571
MINSURI1,2019-03,-0.03888903085071216,0.24331382413015928,0.9047619047619048,5.15991897,21,0.06217045786836092,0.8421052631578947
MINSURI1,2019-04,-0.04046232901924429,0.3035107519780161,0.85,21.567418690000004,20,0.24331382413015928,0.9047619047619048
MINSURI1,2019-05,-0.048192736221937316,0.336162205169787,0.9047619047619048,29.1289735,21,0.3035107519780161,0.85
MINSURI1,2019-06,0.07594926330343066,0.42100858963937793,0.8,4.5058939,20,0.336162205169787,0.9047619047619048
MINSURI1,2019-07,-0.04705879230290633,0.1321576785282759,0.8095238095238095,2.54727781,21,0.42100858963937793,0.8
MINSURI1,2019-08,-0.10493836700045023,0.535483283731788,0.7142857142857143,2.52471831,21,0.1321576785282759,0.8095238095238095
MINSURI1,2019-09,0.0,0.31322278265621245,0.85,2.19236996,20,0.535483283731788,0.7142857142857143
MINSURI1,2019-10,0.0,0.0178678766603148,0.7272727272727273,3.64361716,22,0.31322278265621245,0.85
MINSURI1,2019-11,0.020689705710225548,0.12553763118388517,0.8421052631578947,11.502545690000002,19,0.0178678766603148,0.7272727272727273
MINSURI1,2019-12,0.05405401949916855,0.2746499686009279,0.75,2.0200877599999996,20,0.12553763118388517,0.8421052631578947
MINSURI1,2020-01,0.0576924476498244,0.20113401941539044,0.9047619047619048,9.31310338,21,0.2746499686009279,0.75
MINSURI1,2020-02,-0.10303039231521804,0.17292491708611923,1.0,22.58004544,19,0.20113401941539044,0.9047619047619048
MINSURI1,2020-03,-0.12162171598304072,0.34268903016682617,0.8181818181818182,17.87076302,22,0.17292491708611923,1.0
MINSURI1,2020-04,2.220446049250313e-16,0.47733698139377506,0.75,16.930280879999998,20,0.34268903016682617,0.8181818181818182
MINSURI1,2020-05,0.14615417430041666,0.5366178236332447,0.7368421052631579,12.240154890000001,19,0.47733698139377506,0.75
MINSURI1,2020-06,0.04026835016423891,0.4578653944636,0.5714285714285714,8.62119384,21,0.5366178236332447,0.7368421052631579
MINSURI1,2020-07,0.12903230653262887,0.13186394409901275,0.9523809523809523,16.63577142,21,0.4578653944636,0.5714285714285714
MINSURI1,2020-08,-0.028571521251853138,0.5958954868809949,0.7142857142857143,30.32425471,21,0.13186394409901275,0.9523809523809523
MINSURI1,2020-09,-0.02941169167615132,0.4169503564731039,0.8095238095238095,2.79103462,21,0.5958954868809949,0.7142857142857143
MINSURI1,2020-10,0.012121269327715067,0.28217730686196957,0.5909090909090909,3.3612044,22,0.4169503564731039,0.8095238095238095
MINSURI1,2020-11,0.017963937725132162,0.19736494848797387,0.8,2.1326843199999996,20,0.28217730686196957,0.5909090909090909
MINSURI1,2020-12,0.0882354175127098,0.15682455097792908,0.9,1.4939873599999998,20,0.19736494848797387,0.8
MINSURI1,2021-01,0.2162162055839456,0.11878558301323518,1.0,60.20048073,19,0.15682455097792908,0.9
MINSURI1,2021-02,0.37777770589837356,0.0347399248153573,0.9473684210526315,91.04901649000001,19,0.11878558301323518,1.0
MINSURI1,2021-03,-0.11290312735559704,0.03192118568899762,0.9130434782608695,24.203255509999998,23,0.0347399248153573,0.9473684210526315
MINSURI1,2021-04,0.018181664205450865,0.06556075657899846,1.0,33.0788432,20,0.03192118568899762,0.9130434782608695
MINSURI1,2021-05,0.09285732702979677,0.0637859337011109,0.95,91.4664914,20,0.06556075657899846,1.0
MINSURI1,2021-06,-0.11873565490683724,0.14834315905493436,1.0,10.333775900000001,21,0.0637859337011109,0.95
MINSURI1,2021-07,-0.20229005655835974,0.18661022598827062,1.0,19.045839190000002,19,0.14834315905493436,1.0
MINSURI1,2021-08,0.23445003077352822,0.27220091125135043,0.8095238095238095,6.93235722,21,0.18661022598827062,1.0
MINSURI1,2021-09,0.031007476598425843,0.028121106270961434,0.9047619047619048,3.8134826599999996,21,0.27220091125135043,0.8095238095238095
MINSURI1,2021-10,0.16541359779184606,0.15825933340501772,0.95,6.33641978,20,0.028121106270961434,0.9047619047619048
MINSURI1,2021-11,0.2741935439723995,0.052303173258383295,1.0,78.18707436999999,20,0.15825933340501772,0.95
MINSURI1,2021-12,0.022445998389917454,0.062234709088044834,1.0,65.89899186,20,0.052303173258383295,1.0
MINSURI1,2022-01,0.20759487075480876,0.012214815189759401,1.0,84.20596648,20,0.062234709088044834,1.0
MINSURI1,2022-02,0.19496844841548566,0.03284860442983179,1.0,136.40419855999997,19,0.012214815189759401,1.0
MINSURI1,2022-03,0.07543868980669588,0.013925589053890065,1.0,107.59861963000003,23,0.03284860442983179,1.0
MINSURI1,2022-04,-0.07014689960638754,0.011352793598330942,1.0,36.791211020000006,19,0.013925589053890065,1.0
MINSURI1,2022-05,-0.1666665048971515,0.0700059007512166,0.9523809523809523,8.287885069999998,21,0.011352793598330942,1.0
MINSURI1,2022-06,-0.2231578904456929,0.16340819515446728,1.0,23.192866640000002,20,0.0700059007512166,0.9523809523809523
MINSURI1,2022-07,0.03619989896036002,0.75864874880524,1.0,1.9197241199999997,18,0.16340819515446728,1.0
MINSURI1,2022-08,-0.03947374227881606,0.16155852454262534,1.0,2.9022192499999995,22,0.75864874880524,1.0
MINSURI1,2022-09,0.1436050545219194,0.2800106621104702,0.9523809523809523,229.55262665,21,0.16155852454262534,1.0
MINSURI1,2022-10,-0.1512194553285695,0.20924965711859264,1.0,3.31857612,21,0.2800106621104702,0.9523809523809523
MINSURI1,2022-11,0.0603446944680921,0.31793800158862007,1.0,5.51050035,20,0.20924965711859264,1.0
MINSURI1,2022-12,-0.03794017850465092,0.06594213153092748,1.0,8.39551443,19,0.31793800158862007,1.0
MINSURI1,2023-01,0.033802696052237735,0.05818131446128126,1.0,8.449479160000001,20,0.06594213153092748,1.0
MINSURI1,2023-02,-0.019073577100847117,0.06096894936868081,1.0,7.20198609,19,0.05818131446128126,1.0
MINSURI1,2023-03,0.02777790696156801,0.09311878274164201,1.0,2.72455696,23,0.06096894936868081,1.0
MINSURI1,2023-04,0.024324164354273536,0.24118366065008823,1.0,2.21500487,18,0.09311878274164201,1.0
MINSURI1,2023-05,-0.06596304884242277,0.10294378002240911,1.0,12.464521529999999,21,0.24118366065008823,1.0
MINSURI1,2023-06,0.016949170643020928,0.2660284474593659,1.0,4.5942580600000005,19,0.10294378002240911,1.0
MINSURI1,2023-07,0.10555549138038356,0.1454550749517538,1.0,33.83580419,19,0.2660284474593659,1.0
MINSURI1,2023-08,-0.017587880032995495,0.09448143391541265,1.0,2.5605779999999996,22,0.1454550749517538,1.0
MINSURI1,2023-09,-0.015345284615652988,0.09252508715210743,1.0,5.6772497799999995,20,0.09448143391541265,1.0
MINSURI1,2023-10,0.031168934464697262,0.09466352179687973,1.0,8.078552109999999,22,0.09252508715210743,1.0
MINSURI1,2023-11,-0.04083389766501344,0.24138655565609243,1.0,6.78061095,20,0.09466352179687973,1.0
MINSURI1,2023-12,0.0693333425995355,0.20358790687346567,1.0,6.567107039999999,19,0.24138655565609243,1.0
MINSURI1,2024-01,0.034912702162758436,0.08577374668426319,1.0,42.78687525,21,0.20358790687346567,1.0
MINSURI1,2024-02,0.024096383998081006,0.043765812325197474,1.0,3.90189114,20,0.08577374668426319,1.0
MINSURI1,2024-03,0.047058570297271896,0.041516307325999126,1.0,27.767447240000003,19,0.043765812325197474,1.0
MINSURI1,2024-04,0.024952538854555506,0.10344863203546051,0.9545454545454546,72.36413566,22,0.041516307325999126,1.0
MINSURI1,2024-05,0.054945078010704806,0.12400412455231916,1.0,37.79307856,21,0.10344863203546051,0.9545454545454546
MINSURI1,2024-06,-0.010416715026275392,0.08300595637298991,1.0,11.50132875,18,0.12400412455231916,1.0
MINSURI1,2024-07,0.006315841443483405,0.08783038625277306,0.95,22.295859330000006,20,0.08300595637298991,1.0
MINSURI1,2024-08,-0.008368306262404146,0.12961154712453068,1.0,14.633619069999998,20,0.08783038625277306,0.95
MINSURI1,2024-09,-0.0036765199715232955,0.06745555237524524,1.0,23.331482050000005,20,0.12961154712453068,1.0
MINSURI1,2024-10,-0.010752650722540946,0.1412343119831428,1.0,3.6636936000000007,22,0.06745555237524524,1.0
MINSURI1,2024-11,-0.0002696144207146034,0.16965296157082402,0.9473684210526315,6.841377550000001,19,0.1412343119831428,1.0
MINSURI1,2024-12,0.05088498616291459,0.03512478092402395,1.0,25.66776257,19,0.16965296157082402,0.9473684210526315
MINSURI1,2025-01,-0.042194082771265684,0.18142315962827588,1.0,5.089555900000001,20,0.03512478092402395,1.0
MINSURI1,2025-02,-0.030837019352405792,0.08576695849308835,1.0,14.91550121,19,0.18142315962827588,1.0
MINSURI1,2025-03,-0.02272715072428888,0.07706646434377279,1.0,26.0569933,21,0.08576695849308835,1.0
MINSURI1,2025-04,-0.058139514055974395,0.0126455235856895,1.0,16.22175222,20,0.07706646434377279,1.0
MINSURI1,2025-05,0.022222112343151634,0.009103563893986985,1.0,21.06142781,20,0.0126455235856895,1.0
MINSURI1,2025-06,-0.007272656238856867,0.00584413065743457,1.0,62.04511868,20,0.009103563893986985,1.0
MINSURI1,2025-07,0.022613105350103746,0.04765541721134447,1.0,7.544813400000001,19,0.00584413065743457,1.0
MINSURI1,2025-08,-0.017199067329090045,0.005844029578480485,1.0,45.04317036,20,0.04765541721134447,1.0
MINSURI1,2025-09,-0.0049999881904231325,0.0036055319101483663,1.0,42.128775850000004,21,0.005844029578480485,1.0
MINSURI1,2025-10,0.08040200659724683,0.015552678712608257,1.0,99.88687360000002,22,0.0036055319101483663,1.0
MINSURI1,2025-11,0.047422748603289655,0.008790085092465857,1.0,137.9206392,19,0.015552678712608257,1.0
MINSURI1,2025-12,0.23409078513862935,0.008588734933154932,1.0,82.85348674999999,19,0.008790085092465857,1.0
NEXAPEC1,2018-01,0.2065217987420489,0.040787488794872775,1.0,8.0640406,21,,
NEXAPEC1,2018-02,-0.05945955512709411,0.11783583296258529,0.9473684210526315,10.6403056,19,0.040787488794872775,1.0
NEXAPEC1,2018-03,-0.003831445990657101,0.06726547843819415,0.85,11.783724880000001,20,0.11783583296258529,0.9473684210526315
NEXAPEC1,2018-04,4.440892098500626e-16,0.08587139864902313,0.9,4.56002075,20,0.06726547843819415,0.85
NEXAPEC1,2018-05,-0.009615301243172891,0.13565756209749552,0.8095238095238095,11.58737526,21,0.08587139864902313,0.9
NEXAPEC1,2018-06,-0.1533980389252868,0.201210565088495,0.8,5.08165627,20,0.13565756209749552,0.8095238095238095
NEXAPEC1,2018-07,0.12614685125156666,0.274300009789842,0.6190476190476191,3.3744052800000004,21,0.201210565088495,0.8
NEXAPEC1,2018-08,-0.12423633581557525,0.19386191456882598,0.6818181818181818,1.1937927400000001,22,0.274300009789842,0.6190476190476191
NEXAPEC1,2018-09,-0.09534879047156808,0.15288412201944235,0.7368421052631579,1.81132298,19,0.19386191456882598,0.6818181818181818
NEXAPEC1,2018-10,-0.07197954689193198,0.2512072628641888,0.8181818181818182,1.9526084600000002,22,0.15288412201944235,0.7368421052631579
NEXAPEC1,2018-11,0.08587269417916943,0.1394740569663679,0.75,1.4903123,20,0.2512072628641888,0.8181818181818182
NEXAPEC1,2018-12,0.07142847851307033,0.4942611640062062,0.7222222222222222,3.3859289699999997,18,0.1394740569663679,0.75
NEXAPEC1,2019-01,-0.05952373953832635,0.11254035380757044,0.2857142857142857,2.07054854,21,0.4942611640062062,0.7222222222222222
NEXAPEC1,2019-02,-0.012658184845523057,0.02774488618701119,0.5263157894736842,17.0523508,19,0.11254035380757044,0.2857142857142857
NEXAPEC1,2019-03,-0.034875999230371435,0.3708005313466175,0.9523809523809523,6.23584358,21,0.02774488618701119,0.5263157894736842
NEXAPEC1,2019-04,-0.0027624484692451157,0.16156908257729183,1.0,2.2371972299999996,20,0.3708005313466175,0.9523809523809523
NEXAPEC1,2019-05,-0.07479221920796697,0.1823961939185884,0.42857142857142855,1.2404918200000001,21,0.16156908257729183,1.0
NEXAPEC1,2019-06,0.002994030948803905,0.5150557891318442,0.3,11.285865320000001,20,0.1823961939185884,0.42857142857142855
NEXAPEC1,2019-07,-1.1102230246251565e-16,0.013504650056406761,0.7619047619047619,8.52936574,21,0.5150557891318442,0.3
NEXAPEC1,2019-08,-0.07462687487147335,0.8198780237961257,0.47619047619047616,0.8753658599999999,21,0.013504650056406761,0.7619047619047619
NEXAPEC1,2019-09,0.05806455050825754,0.4659708900109185,0.55,0.59869342,20,0.8198780237961257,0.47619047619047616
NEXAPEC1,2019-10,0.09146343958555914,0.049310173034250976,0.36363636363636365,1.7422547099999999,22,0.4659708900109185,0.55
NEXAPEC1,2019-11,-0.10055864109254642,0.28716539048029005,0.631578947368421,14.768219740000001,19,0.049310173034250976,0.36363636363636365
NEXAPEC1,2019-12,0.07142853707461105,0.25389411468521134,0.6,1.32969416,20,0.28716539048029005,0.631578947368421
NEXAPEC1,2020-01,-0.014492769887382684,0.6418744046403249,0.5714285714285714,2.35498537,21,0.25389411468521134,0.6
NEXAPEC1,2020-02,-0.058823520480526637,0.6826004987980377,0.47368421052631576,0.33696895,19,0.6418744046403249,0.5714285714285714
NEXAPEC1,2020-03,-0.31250003024758954,0.8337012900705858,0.5,0.4665546,22,0.6826004987980377,0.47368421052631576
NEXAPEC1,2020-04,-0.15909086109473092,0.17370915578648072,0.3,1.54545,20,0.8337012900705858,0.5
NEXAPEC1,2020-05,-0.027027057193602322,0.3585298600652393,0.7368421052631579,2.3966123099999996,19,0.17370915578648072,0.3
NEXAPEC1,2020-06,0.34444461014647043,0.9738274143169149,0.7619047619047619,0.9174634700000001,21,0.3585298600652393,0.7368421052631579
NEXAPEC1,2020-07,0.008264407277158492,0.15766411212079362,0.9523809523809523,1.3522408600000002,21,0.9738274143169149,0.7619047619047619
NEXAPEC1,2020-08,0.11885235453309972,0.39486511143433484,0.8571428571428571,1.5211049,21,0.15766411212079362,0.9523809523809523
NEXAPEC1,2020-09,-0.02930393129397102,0.5354543851865622,0.6666666666666666,0.26244696999999995,21,0.39486511143433484,0.8571428571428571
NEXAPEC1,2020-10,-0.09433962631702042,0.48132360033013616,0.36363636363636365,0.10890280000000001,22,0.5354543851865622,0.6666666666666666
NEXAPEC1,2020-11,0.13333330465413873,0.7522334913390457,0.6,0.42954539999999997,20,0.48132360033013616,0.36363636363636365
NEXAPEC1,2020-12,0.040441145071707485,0.4165927501186324,0.55,1.30817044,20,0.7522334913390457,0.6
NEXAPEC1,2021-01,0.088339140110542,0.5602304135633354,0.631578947368421,16.908745430000003,19,0.4165927501186324,0.55
NEXAPEC1,2021-02,0.28246765545094066,0.3074404785246113,0.9473684210526315,3.39596356,19,0.5602304135633354,0.631578947368421
NEXAPEC1,2021-03,-0.13164554596370703,0.39451132945214706,0.8695652173913043,10.478278409999998,23,0.3074404785246113,0.9473684210526315
NEXAPEC1,2021-04,-0.06705543614809673,0.4820202106995813,0.65,3.6634955599999994,20,0.39451132945214706,0.8695652173913043
NEXAPEC1,2021-05,0.03125003528885539,0.8401042777522947,0.8,3.3790677399999995,20,0.4820202106995813,0.65
NEXAPEC1,2021-06,-0.07878790248969247,0.7061243198965114,0.6666666666666666,2.00772104,21,0.8401042777522947,0.8
NEXAPEC1,2021-07,-0.1414474080808651,1.2504653896458855,0.3684210526315789,0.39321225,19,0.7061243198965114,0.6666666666666666
NEXAPEC1,2021-08,0.038314220955810496,1.3757583445742478,0.5238095238095238,0.5217809299999999,21,1.2504653896458855,0.3684210526315789
NEXAPEC1,2021-09,0.07011076085452306,0.10750497545064898,0.6190476190476191,1.5027859899999998,21,1.3757583445742478,0.5238095238095238
NEXAPEC1,2021-10,0.1689655018957934,0.26835839973094394,0.8,3.49962599,20,0.10750497545064898,0.6190476190476191
NEXAPEC1,2021-11,0.03244835175210237,0.45511030399366686,0.85,2.7466442300000002,20,0.26835839973094394,0.8
NEXAPEC1,2021-12,0.028571386430569667,1.465936663753462,0.3,0.24736555999999998,20,0.45511030399366686,0.85
NEXAPEC1,2022-01,0.05337076065181057,0.3908705008619331,0.8,1.4117118100000001,20,1.465936663753462,0.3
NEXAPEC1,2022-02,-0.1199999339231288,0.754446570492443,0.6842105263157895,2.21706342,19,0.3908705008619331,0.8
NEXAPEC1,2022-03,0.030302985269583083,0.40993993012078256,0.6521739130434783,2.1855535600000002,23,0.754446570492443,0.6842105263157895
NEXAPEC1,2022-04,-0.1470587632435565,0.8279887186404854,0.6842105263157895,1.2283918999999999,19,0.40993993012078256,0.6521739130434783
NEXAPEC1,2022-05,-0.22413799241682486,1.376312849772693,0.6190476190476191,1.22444756,21,0.8279887186404854,0.6842105263157895
NEXAPEC1,2022-06,-0.16888886467090036,0.34493099032819513,0.3,0.83980504,20,1.376312849772693,0.6190476190476191
NEXAPEC1,2022-07,0.04278074128191367,0.2144785389812258,0.4444444444444444,0.15960001000000001,18,0.34493099032819513,0.3
NEXAPEC1,2022-08,0.25641021398540986,1.1577749530165966,0.22727272727272727,0.3881938,22,0.2144785389812258,0.4444444444444444
NEXAPEC1,2022-09,-0.10204082922679403,0.921887857901415,0.23809523809523808,0.10505908,21,1.1577749530165966,0.22727272727272727
NEXAPEC1,2022-10,0.0,0.0,0.2857142857142857,0.15224532000000002,21,0.921887857901415,0.23809523809523808
NEXAPEC1,2022-11,-0.059090872827130436,0.6344970698252228,0.5,0.13398120000000002,20,0.0,0.2857142857142857
NEXAPEC1,2022-12,-0.033816451023008454,0.056716130346496155,0.47368421052631576,0.2904603,19,0.6344970698252228,0.5
NEXAPEC1,2023-01,2.220446049250313e-16,0.8704968859393564,0.6,0.16238379,20,0.056716130346496155,0.47368421052631576
NEXAPEC1,2023-02,-0.09500002000374008,0.34413896019899676,0.47368421052631576,0.55730977,19,0.8704968859393564,0.6
NEXAPEC1,2023-03,-0.08287288366236656,0.19470282666096406,0.2608695652173913,0.26608914,23,0.34413896019899676,0.47368421052631576
NEXAPEC1,2023-04,-1.1102230246251565e-16,0.611883994098296,0.4444444444444444,0.21593461000000003,18,0.19470282666096406,0.2608695652173913
NEXAPEC1,2023-05,-0.006024056576452885,0.32534799122522806,0.3333333333333333,0.14482197,21,0.611883994098296,0.4444444444444444
NEXAPEC1,2023-06,-0.10909088775927622,0.4802219958801843,0.3684210526315789,2.76183894,19,0.32534799122522806,0.3333333333333333
NEXAPEC1,2023-07,0.08163263514419317,0.04667523276861777,0.3684210526315789,0.29675062,19,0.4802219958801843,0.3684210526315789
NEXAPEC1,2023-08,-0.012578613799763327,0.25833345614860936,0.4090909090909091,0.09486578,22,0.04667523276861777,0.3684210526315789
NEXAPEC1,2023-09,0.025477701770604044,0.44892909213450954,0.4,0.23260244,20,0.25833345614860936,0.4090909090909091
NEXAPEC1,2023-10,-0.1614906508673869,0.23563842734884385,0.5454545454545454,0.68542421,22,0.44892909213450954,0.4
NEXAPEC1,2023-11,8.881784197001252e-16,1.2883854351907293,0.45,0.20844341,20,0.23563842734884385,0.5454545454545454
NEXAPEC1,2023-12,0.022222169112604107,0.25303836069936714,0.6842105263157895,0.8019734,19,1.2883854351907293,0.45
NEXAPEC1,2024-01,0.1956521840781642,0.5090001213448491,0.8095238095238095,1.09789162,21,0.25303836069936714,0.6842105263157895
NEXAPEC1,2024-02,-0.072727258506184,0.8155279357746938,0.75,0.50949719,20,0.5090001213448491,0.8095238095238095
NEXAPEC1,2024-03,-0.0392156780048456,0.3019118845631302,0.631578947368421,0.5846946199999998,19,0.8155279357746938,0.75
NEXAPEC1,2024-04,-0.06505038334572244,0.17586069036489718,0.5,1.1287713400000001,22,0.3019118845631302,0.631578947368421
NEXAPEC1,2024-05,0.35036489770384804,0.23943526725162392,0.9047619047619048,3.12539692,21,0.17586069036489718,0.5
NEXAPEC1,2024-06,-0.07027026049734852,0.3749072379499502,0.7222222222222222,2.3924101300000005,18,0.23943526725162392,0.9047619047619048
NEXAPEC1,2024-07,0.017441857856027587,0.12117888700544796,0.9,0.42994803000000004,20,0.3749072379499502,0.7222222222222222
NEXAPEC1,2024-08,-0.02285713949660806,0.23660751990538037,0.7,0.17441647,20,0.12117888700544796,0.9
NEXAPEC1,2024-09,-0.05263157102828708,0.37414171017559533,0.55,0.07969658,20,0.23660751990538037,0.7
NEXAPEC1,2024-10,0.0370369517439717,0.09658458204356717,0.9545454545454546,0.7467962899999999,22,0.37414171017559533,0.55
NEXAPEC1,2024-11,-0.06547610888767963,0.3889684277921076,0.8947368421052632,0.48053636000000005,19,0.09658458204356717,0.9545454545454546
NEXAPEC1,2024-12,0.02547770283109352,0.4252837502864684,0.631578947368421,2.10004646,19,0.3889684277921076,0.8947368421052632
NEXAPEC1,2025-01,-0.006211179131627165,0.06467283560628151,0.4,0.029907419999999997,20,0.4252837502864684,0.631578947368421
NEXAPEC1,2025-02,-0.09374998492435882,0.45635759672097465,0.5263157894736842,1.4347462299999998,19,0.06467283560628151,0.4
NEXAPEC1,2025-03,0.0965517070055979,0.47087164792589664,0.8095238095238095,0.58602605,21,0.45635759672097465,0.5263157894736842
NEXAPEC1,2025-04,-0.13748794555529487,0.6376271925959834,0.95,1.75995259,20,0.47087164792589664,0.8095238095238095
NEXAPEC1,2025-05,-0.015384615384615219,0.35275800525379375,0.9,0.39871302999999997,20,0.6376271925959834,0.95
NEXAPEC1,2025-06,0.015625000000000444,0.260867164854544,1.0,1.9879142899999998,20,0.35275800525379375,0.9
NEXAPEC1,2025-07,-1.1102230246251565e-16,0.12519278017061664,0.9473684210526315,0.5071429500000001,19,0.260867164854544,1.0
NEXAPEC1,2025-08,4.440892098500626e-16,0.11747860854595885,1.0,2.10459375,20,0.12519278017061664,0.9473684210526315
NEXAPEC1,2025-09,0.015384615384616218,0.059127021184596215,1.0,19.02471481,21,0.11747860854595885,1.0
NEXAPEC1,2025-10,0.4015151515151518,0.04629166448019713,1.0,14.343656289999997,22,0.059127021184596215,1.0
NEXAPEC1,2025-11,2.220446049250313e-16,0.07217735892554138,1.0,10.366988490000002,19,0.04629166448019713,1.0
NEXAPEC1,2025-12,0.2648648648648648,0.02342508422579016,1.0,19.71261122,19,0.07217735892554138,1.0
SCCO,2018-01,0.02018503136781047,0.0826419101105792,0.9047619047619048,8.726516277660002,21,,
SCCO,2018-02,0.0977665047418248,0.06662246145975152,1.0,14.494844209700002,18,0.0826419101105792,0.9047619047619048
SCCO,2018-03,-0.011331154606877836,0.15032754470010917,0.85,11.53376855799,20,0.06662246145975152,1.0
SCCO,2018-04,0.010124028809036734,0.25973234644146065,1.0,5.734053122430001,20,0.15032754470010917,0.85
SCCO,2018-05,-0.07113296784143863,0.08106287750055967,0.8571428571428571,6.975535907489999,21,0.25973234644146065,1.0
SCCO,2018-06,-0.06160466098095607,0.11468207751234787,0.95,4.0180750272,20,0.08106287750055967,0.8571428571428571
SCCO,2018-07,0.08069788643799214,0.31060597316348226,0.7619047619047619,2.00969208637,21,0.11468207751234787,0.95
SCCO,2018-08,-0.07708990757281764,0.4745857029144956,0.7142857142857143,1.7622059449799996,21,0.31060597316348226,0.7619047619047619
SCCO,2018-09,-0.4894012585364398,1.0008129204590446,0.7894736842105263,3.500537850225,19,0.4745857029144956,0.7142857142857143
SCCO,2018-10,-0.14606749173973343,0.683740667997064,0.8636363636363636,4.54188949368,22,1.0008129204590446,0.7894736842105263
SCCO,2018-11,-0.09699457532346134,0.38648892621552955,0.85,5.27311944256,20,0.683740667997064,0.8636363636363636
SCCO,2018-12,-0.09999988104536695,0.15200811330835062,0.8888888888888888,7.43831001411,18,0.38648892621552955,0.85
SCCO,2019-01,0.09705878927164946,0.36567893846640354,0.9523809523809523,3.8407947357449994,21,0.15200811330835062,0.8888888888888888
SCCO,2019-02,0.09428497549546355,0.08451718540893885,1.0,19.07810897875,19,0.36567893846640354,0.9523809523809523
SCCO,2019-03,0.09498903839246364,0.15431322457352617,1.0,8.59504337951,21,0.08451718540893885,1.0
SCCO,2019-04,-0.03444799626367745,0.19604995715288234,1.0,5.1340317099699995,20,0.15431322457352617,1.0
SCCO,2019-05,-0.12104334309026543,0.3161800681459275,0.8571428571428571,7.17710361086,21,0.19604995715288234,1.0
SCCO,2019-06,0.16242923451656277,0.36508330504015213,0.9,4.976065365595001,20,0.3161800681459275,0.8571428571428571
SCCO,2019-07,-0.059444341569035,0.09131039406031383,0.9047619047619048,8.378811939409998,21,0.36508330504015213,0.9
SCCO,2019-08,-0.1558495369718189,0.21737403924968587,0.9047619047619048,3.18418112112,21,0.09131039406031383,0.9047619047619048
SCCO,2019-09,0.12131134335978877,0.3279466950663533,0.95,2.8942069975499995,20,0.21737403924968587,0.9047619047619048
SCCO,2019-10,0.06432764145074987,0.28949712980305475,0.9090909090909091,6.0801943147649995,22,0.3279466950663533,0.95
SCCO,2019-11,0.05220701188725885,0.257356478991224,0.8947368421052632,3.7354380817900004,19,0.28949712980305475,0.9090909090909091
SCCO,2019-12,0.11863938109637062,0.06571205765390012,1.0,9.483060583725004,20,0.257356478991224,0.8947368421052632
SCCO,2020-01,-0.1044070685992795,0.19156480593059072,1.0,4.32627896092,21,0.06571205765390012,1.0
SCCO,2020-02,-0.12447383179274618,0.1411029085336804,0.9473684210526315,4.933759590599999,19,0.19156480593059072,1.0
SCCO,2020-03,-0.14523514874021848,0.8941538398425266,0.9545454545454546,7.1518375843449995,22,0.1411029085336804,0.9473684210526315
SCCO,2020-04,0.15742731533703225,0.5769727749651702,0.8,3.687341911635,20,0.8941538398425266,0.9545454545454546
SCCO,2020-05,0.13642141477053848,0.25854089324692375,0.6842105263157895,2.4383240539349997,19,0.5769727749651702,0.8
SCCO,2020-06,0.07307794844252458,0.21968551953824364,0.7142857142857143,5.496834308345,21,0.25854089324692375,0.6842105263157895
SCCO,2020-07,0.09696232327431775,0.34916300674163964,0.9523809523809523,5.911317058169999,21,0.21968551953824364,0.7142857142857143
SCCO,2020-08,0.12428298426486895,0.6008588877456139,0.9047619047619048,6.249207514375,21,0.34916300674163964,0.9523809523809523
SCCO,2020-09,-0.08692073461169103,0.25626091335446377,0.9047619047619048,3.4681422182149997,21,0.6008588877456139,0.9047619047619048
SCCO,2020-10,0.18427044941511883,0.05784294772796595,0.6818181818181818,7.073229660310001,22,0.25626091335446377,0.9047619047619048
SCCO,2020-11,0.17589518829838457,0.049509507719979674,1.0,8.929145831415,20,0.05784294772796595,0.6818181818181818
SCCO,2020-12,0.08156907223400989,0.06713903574015082,1.0,6.12349894992,20,0.049509507719979674,1.0
SCCO,2021-01,0.007587148300689073,0.061817115438850684,0.7894736842105263,6.80768401064,19,0.06713903574015082,1.0
SCCO,2021-02,0.08253399664200534,0.10114364392761603,1.0,6.49282712604,19,0.061817115438850684,0.7894736842105263
SCCO,2021-03,-0.03939456439443256,0.11342221802073314,0.9130434782608695,6.477721248700001,23,0.10114364392761603,1.0
SCCO,2021-04,0.020870007041896343,0.07142338086074396,1.0,15.641730177755003,20,0.11342221802073314,0.9130434782608695
SCCO,2021-05,0.007715251832223213,0.042518761239228674,1.0,17.075995715530002,20,0.07142338086074396,1.0
SCCO,2021-06,-0.07939901081224321,0.12272070341064281,0.9523809523809523,13.18625956282,21,0.042518761239228674,1.0
SCCO,2021-07,0.017093889550044983,0.2875114524523229,0.6842105263157895,4.91652266473,19,0.12272070341064281,0.9523809523809523
SCCO,2021-08,-0.03386706404796769,0.19188059162173945,0.8571428571428571,5.009137780900001,21,0.2875114524523229,0.6842105263157895
SCCO,2021-09,-0.10648540139457097,0.07618222891576795,0.9523809523809523,18.477590117545,21,0.19188059162173945,0.8571428571428571
SCCO,2021-10,0.08064535370759196,0.12181396863804238,0.95,6.397430802635,20,0.07618222891576795,0.9523809523809523
SCCO,2021-11,-0.013059898567432504,0.35084055639988193,0.9,9.207618171525,20,0.12181396863804238,0.95
SCCO,2021-12,0.05372688685670757,0.590274367551607,0.9,1.9251115376949997,20,0.35084055639988193,0.9
SCCO,2022-01,0.03269646657682057,0.13007941589434677,1.0,9.79665443487,20,0.590274367551607,0.9
SCCO,2022-02,0.0956959203739105,0.26696774766823583,1.0,5.206205790235,19,0.13007941589434677,1.0
SCCO,2022-03,0.1171863348461708,0.13913266891771478,1.0,11.884168960055003,23,0.26696774766823583,1.0
SCCO,2022-04,-0.18109836276970426,0.04833668487903089,0.9473684210526315,19.367122222244998,19,0.13913266891771478,1.0
SCCO,2022-05,0.0002451241884127153,0.06498417851877554,1.0,12.384958928705,21,0.04833668487903089,0.9473684210526315
SCCO,2022-06,-0.19731298781539763,0.08559096775848281,1.0,12.088039929099999,20,0.06498417851877554,1.0
SCCO,2022-07,-0.01391393364285387,0.17027456142442246,0.8888888888888888,2.6270036491199997,18,0.08559096775848281,1.0
SCCO,2022-08,-0.012533722493046517,0.24328572872963974,0.9545454545454546,4.5948793566449995,22,0.17027456142442246,0.8888888888888888
SCCO,2022-09,-0.05106115713527459,0.17655691040834123,1.0,4.572717351445001,21,0.24328572872963974,0.9545454545454546
SCCO,2022-10,0.04074409186526018,0.2762732024684023,0.8571428571428571,3.958866672995,21,0.17655691040834123,1.0
SCCO,2022-11,0.3057514627886646,0.1797419043252478,0.9,39.121919176925,20,0.2762732024684023,0.8571428571428571
SCCO,2022-12,0.011832414190926732,0.1185346290316584,0.8421052631578947,63.27736608744,19,0.1797419043252478,0.9
SCCO,2023-01,0.23063148340909678,0.018094095600688476,1.0,38.15962711778501,20,0.1185346290316584,0.8421052631578947
SCCO,2023-02,-0.01639862661082414,0.04376269254070177,0.8421052631578947,16.50388301372,19,0.018094095600688476,1.0
SCCO,2023-03,0.03274485806538174,0.13635301223883686,1.0,12.268875635579997,23,0.04376269254070177,0.8421052631578947
SCCO,2023-04,0.0031573009362078075,0.0959909624524239,0.8888888888888888,11.588952693905002,18,0.13635301223883686,1.0
SCCO,2023-05,-0.12851779283951104,0.10435279750380388,0.9523809523809523,10.720063207075,21,0.0959909624524239,0.8888888888888888
SCCO,2023-06,0.11906203142522398,0.20472651795916924,0.9473684210526315,11.357464781655,19,0.10435279750380388,0.9523809523809523
SCCO,2023-07,0.1836735796870974,0.12119502201524304,0.8947368421052632,15.124532877020002,19,0.20472651795916924,0.9473684210526315
SCCO,2023-08,-0.057517767494103755,0.09863464193270187,0.7272727272727273,8.257249852315,22,0.12119502201524304,0.8947368421052632
SCCO,2023-09,-0.07151656123966077,0.1743531490038862,0.65,4.612326353000001,20,0.09863464193270187,0.7272727272727273
SCCO,2023-10,-0.043824858838744096,0.21575424090975331,0.8181818181818182,5.23468779527,22,0.1743531490038862,0.65
SCCO,2023-11,0.002550910201321921,0.2917353277411204,0.8,5.54757502426,20,0.21575424090975331,0.8181818181818182
SCCO,2023-12,0.19915815748549082,0.10413087505424709,0.8421052631578947,25.683215404105,19,0.2917353277411204,0.8
SCCO,2024-01,-0.027134526415788507,0.20399094271010249,0.6666666666666666,4.417179792005,21,0.10413087505424709,0.8421052631578947
SCCO,2024-02,-0.03540885263598803,0.30360818971333925,0.7,2.051739924955,20,0.20399094271010249,0.6666666666666666
SCCO,2024-03,0.3207548291592641,0.01898201945154323,0.9473684210526315,13.261665138935,19,0.30360818971333925,0.7
SCCO,2024-04,0.11506993841195934,0.049512924672710144,0.9545454545454546,9.183743034325,22,0.01898201945154323,0.9473684210526315
SCCO,2024-05,0.009118851540622197,0.4884660265490849,0.9047619047619048,6.1407924977500015,21,0.049512924672710144,0.9545454545454546
SCCO,2024-06,-0.08599239126476965,0.12035694692569864,0.7777777777777778,2.444622719755,18,0.4884660265490849,0.9047619047619048
SCCO,2024-07,-0.016066598470944604,0.2457867323961965,0.95,7.70389942165,20,0.12035694692569864,0.7777777777777778
SCCO,2024-08,-0.05198075826640991,0.47219429265106044,0.9,13.173846129455,20,0.2457867323961965,0.95
SCCO,2024-09,0.17014495197163648,0.13539383651129477,0.95,11.343037038919999,20,0.47219429265106044,0.9
SCCO,2024-10,-0.07137750938069631,0.09060235027646749,0.9545454545454546,6.83104265422,22,0.13539383651129477,0.95
SCCO,2024-11,-0.06732012974309187,0.11482718523584783,1.0,7.492870918124999,19,0.09060235027646749,0.9545454545454546
SCCO,2024-12,-0.08820613902027508,0.0648393494733513,0.9473684210526315,5.5923154232500005,19,0.11482718523584783,1.0
SCCO,2025-01,2.220446049250313e-16,0.14007646431304643,0.9,15.584979265614999,20,0.0648393494733513,0.9473684210526315
SCCO,2025-02,-0.034112570967805955,0.4761876842038247,1.0,4.438309848535001,19,0.14007646431304643,0.9
SCCO,2025-03,0.057223868125088506,0.17308884049186538,1.0,8.559193078709999,21,0.4761876842038247,1.0
SCCO,2025-04,-0.05437786503700326,0.07259579308205137,0.95,10.345068524310001,20,0.17308884049186538,1.0
SCCO,2025-05,0.026901732512109477,0.22820499236307623,0.95,2.4074292718,20,0.07259579308205137,0.95
SCCO,2025-06,0.14128032503627042,0.0812075835335789,0.9,6.8625598153350005,20,0.22820499236307623,0.95
SCCO,2025-07,-0.0923596593713818,0.047140823165581484,0.9473684210526315,11.929025933445,19,0.0812075835335789,0.9
SCCO,2025-08,0.04158696265873707,0.06001767501521247,1.0,10.054327319250003,20,0.047140823165581484,0.9473684210526315
SCCO,2025-09,0.2604167233755259,0.03123755986854099,1.0,24.555022774864998,21,0.06001767501521247,1.0
SCCO,2025-10,0.1442148045073599,0.10563459608607419,1.0,12.49640305972,22,0.03123755986854099,1.0
SCCO,2025-11,-0.021215030463653584,0.15527614218065203,0.9473684210526315,3.59119415073,19,0.10563459608607419,1.0
SCCO,2025-12,0.08800588793513242,0.10891877984439982,1.0,10.756467758485,19,0.15527614218065203,0.9473684210526315
SCOTIAC1,2018-01,0.05882350267639569,0.0071031884573252635,0.5714285714285714,2.5613554300000003,21,,
SCOTIAC1,2018-02,-0.016666720834081827,0.072120281157863,0.47368421052631576,0.93356654,19,0.0071031884573252635,0.5714285714285714
SCOTIAC1,2018-03,0.008474604280767739,0.0076740750719743135,0.35,2.15449224,20,0.072120281157863,0.47368421052631576
SCOTIAC1,2018-04,0.03409891345744964,0.07886915767568398,0.6,2.97408012,20,0.0076740750719743135,0.35
SCOTIAC1,2018-05,0.005586556099609785,0.046920699712763726,0.7619047619047619,18.85982835,21,0.07886915767568398,0.6
SCOTIAC1,2018-06,0.02777783724343852,0.10390334576772806,0.45,11.42699282,20,0.046920699712763726,0.7619047619047619
SCOTIAC1,2018-07,0.0026834761743419477,0.004575696962111129,0.47619047619047616,2.68848843,21,0.10390334576772806,0.45
SCOTIAC1,2018-08,0.0647334334606735,0.10055211124456268,0.7272727272727273,7.27884859,22,0.004575696962111129,0.47619047619047616
SCOTIAC1,2018-09,0.0,0.0,0.42105263157894735,0.56906917,19,0.10055211124456268,0.7272727272727273
SCOTIAC1,2018-10,-0.023383679755609066,0.05156791381085866,0.2727272727272727,1.48049574,22,0.0,0.42105263157894735
SCOTIAC1,2018-11,-0.09859154304304107,0.1535144003290584,0.8,1.9235556299999998,20,0.05156791381085866,0.2727272727272727
SCOTIAC1,2018-12,-0.015625007695319604,0.2953259072620773,0.5555555555555556,0.35870820000000003,18,0.1535144003290584,0.8
SCOTIAC1,2019-01,0.1746030118013111,0.3892243660733812,0.7142857142857143,2.595583,21,0.2953259072620773,0.5555555555555556
SCOTIAC1,2019-02,0.033784044963753646,0.032406639160483135,0.6842105263157895,0.9984444499999999,19,0.3892243660733812,0.7142857142857143
SCOTIAC1,2019-03,0.037908392917512135,0.0695360990190194,0.6190476190476191,1.3410084199999999,21,0.032406639160483135,0.6842105263157895
SCOTIAC1,2019-04,0.001259510965168742,0.04782980531499908,0.75,0.92253843,20,0.0695360990190194,0.6190476190476191
SCOTIAC1,2019-05,0.002225928413460032,0.08060397610086185,0.5238095238095238,2.57289291,21,0.04782980531499908,0.75
SCOTIAC1,2019-06,0.01282043294019819,0.05529059479904397,0.4,3.91005,20,0.08060397610086185,0.5238095238095238
SCOTIAC1,2019-07,-0.07718794966698261,0.6902457022701735,0.5238095238095238,5.31497119,21,0.05529059479904397,0.4
SCOTIAC1,2019-08,0.060606192073445975,0.02116078749483906,0.6190476190476191,1.8543949300000002,21,0.6902457022701735,0.5238095238095238
SCOTIAC1,2019-09,0.028571437123024568,0.07673056123159325,0.35,0.6811214299999999,20,0.02116078749483906,0.6190476190476191
SCOTIAC1,2019-10,-0.09444449132645594,0.5351547334388623,0.4090909090909091,0.48962110999999997,22,0.07673056123159325,0.35
SCOTIAC1,2019-11,-0.01840499997482825,0.2296639612410864,0.6842105263157895,0.27129663,19,0.5351547334388623,0.4090909090909091
SCOTIAC1,2019-12,0.014062544330787796,0.11549351956383841,0.55,0.3178685,20,0.2296639612410864,0.6842105263157895
SCOTIAC1,2020-01,0.03852068185168789,0.29306687448114394,0.5714285714285714,0.6459146000000001,21,0.11549351956383841,0.55
SCOTIAC1,2020-02,0.008902174926690654,0.5279739933212856,0.8421052631578947,1.60191329,19,0.29306687448114394,0.5714285714285714
SCOTIAC1,2020-03,-0.2941176138313826,1.3609478680742497,0.36363636363636365,10.63696942,22,0.5279739933212856,0.8421052631578947
SCOTIAC1,2020-04,-0.05000003273657916,0.21445226968777717,0.4,1.0998148,20,1.3609478680742497,0.36363636363636365
SCOTIAC1,2020-05,2.220446049250313e-16,0.020983489322565302,0.3157894736842105,0.8127910500000001,19,0.21445226968777717,0.4
SCOTIAC1,2020-06,0.08333339714733135,0.23929805776717233,0.6666666666666666,10.66372255,21,0.020983489322565302,0.3157894736842105
SCOTIAC1,2020-07,-0.05870445215348852,0.4245018121529071,0.38095238095238093,0.1897408,21,0.23929805776717233,0.6666666666666666
SCOTIAC1,2020-08,0.04387105165416294,0.3302434232540511,0.47619047619047616,7.31179664,21,0.4245018121529071,0.38095238095238093
SCOTIAC1,2020-09,0.11769837223007462,0.22376024297812497,0.8095238095238095,10.93823722,21,0.3302434232540511,0.47619047619047616
SCOTIAC1,2020-10,0.025641073500836553,0.20455912478751964,0.22727272727272727,0.30828325,22,0.22376024297812497,0.8095238095238095
SCOTIAC1,2020-11,0.2916666117568205,0.18369595984037373,0.5,27.38686239,20,0.20455912478751964,0.22727272727272727
SCOTIAC1,2020-12,-1.1102230246251565e-16,0.5386569381773414,0.25,0.13422412,20,0.18369595984037373,0.5
SCOTIAC1,2021-01,0.0019355797848512601,0.0028926837275384666,0.15789473684210525,0.23123164000000002,19,0.5386569381773414,0.25
SCOTIAC1,2021-02,0.12685122597200582,0.23791942420541964,0.631578947368421,1.99268775,19,0.0028926837275384666,0.15789473684210525
SCOTIAC1,2021-03,0.049999978484305485,0.006736239088229742,0.9565217391304348,5.1995403200000005,23,0.23791942420541964,0.631578947368421
SCOTIAC1,2021-04,-0.17278914553265268,0.2316032879232517,0.45,3.80238649,20,0.006736239088229742,0.9565217391304348
SCOTIAC1,2021-05,0.01973682906770491,0.7790905791544803,0.5,1.8376103599999998,20,0.2316032879232517,0.45
SCOTIAC1,2021-06,-0.20645159252936174,0.6698735647974473,0.3333333333333333,0.5128847,21,0.7790905791544803,0.5
SCOTIAC1,2021-07,-0.004065058320610437,0.17318166662750073,0.42105263157894735,0.9818607,19,0.6698735647974473,0.3333333333333333
SCOTIAC1,2021-08,-0.05979666806703088,0.17850147861584514,0.6190476190476191,0.87004121,21,0.17318166662750073,0.42105263157894735
SCOTIAC1,2021-09,0.0,0.0,0.23809523809523808,0.27882265,21,0.17850147861584514,0.6190476190476191
SCOTIAC1,2021-10,0.08888899059594735,0.03265730909342834,0.15,1.69607425,20,0.0,0.23809523809523808
SCOTIAC1,2021-11,0.020407974550227692,0.25157815921068966,0.35,0.27285170000000003,20,0.03265730909342834,0.15
SCOTIAC1,2021-12,-0.11999997175449417,0.24789536239049595,0.5,103.5272807,20,0.25157815921068966,0.35
SCOTIAC1,2022-01,0.022727333517357007,0.7171177486401732,0.55,0.73330495,20,0.24789536239049595,0.5
SCOTIAC1,2022-02,0.02222228034054119,0.2630622723530601,0.3684210526315789,1.2317717099999999,19,0.7171177486401732,0.55
SCOTIAC1,2022-03,0.1739129767355827,0.3657887584625715,0.43478260869565216,2.92740077,23,0.2630622723530601,0.3684210526315789
SCOTIAC1,2022-04,-0.01826259207848757,0.009131296039243826,0.21052631578947367,0.5145541,19,0.3657887584625715,0.43478260869565216
SCOTIAC1,2022-05,-0.1199999955600407,0.37557459573630325,0.3333333333333333,0.7589526,21,0.009131296039243826,0.21052631578947367
SCOTIAC1,2022-06,-0.045454459453271645,1.0431236076238093,0.25,0.1083595,20,0.37557459573630325,0.3333333333333333
SCOTIAC1,2022-07,-0.09523803860596924,0.9730954103845058,0.3333333333333333,186.4061625,18,1.0431236076238093,0.25
SCOTIAC1,2022-08,0.0,0.11216286360340437,0.45454545454545453,0.384406,22,0.9730954103845058,0.3333333333333333
SCOTIAC1,2022-09,-0.052105321655269154,0.8644987395292568,0.19047619047619047,0.52793576,21,0.11216286360340437,0.45454545454545453
SCOTIAC1,2022-10,-0.0005551489137269883,0.3723658787205894,0.14285714285714285,0.108712,21,0.8644987395292568,0.19047619047619047
SCOTIAC1,2022-11,-0.05555559409685984,0.594127882962893,0.2,0.0770544,20,0.3723658787205894,0.14285714285714285
SCOTIAC1,2022-12,0.0,0.0,0.21052631578947367,0.057307,19,0.594127882962893,0.2
SCOTIAC1,2023-01,0.003529358857761844,0.2955416896467798,0.05,0.011942,20,0.0,0.21052631578947367
SCOTIAC1,2023-02,0.12368113497418998,1.382763227068509,0.2631578947368421,0.022454190000000002,19,0.2955416896467798,0.05
SCOTIAC1,2023-03,-0.06103278399605683,0.21883903352375303,0.21739130434782608,0.54571823,23,1.382763227068509,0.2631578947368421
SCOTIAC1,2023-04,0.0,0.0,0.16666666666666666,0.0092875,18,0.21883903352375303,0.21739130434782608
SCOTIAC1,2023-05,0.013888821441606636,0.036669139051212135,0.2857142857142857,0.11110575,21,0.0,0.16666666666666666
SCOTIAC1,2023-06,-0.06027388157900737,0.8819599730898317,0.15,0.06979079999999999,20,0.036669139051212135,0.2857142857142857
SCOTIAC1,2023-07,0.003999845637025157,0.0354973518167417,0.3684210526315789,0.04837632,19,0.8819599730898317,0.15
SCOTIAC1,2023-08,0.0,0.29524340749578376,0.45454545454545453,0.09006483,22,0.0354973518167417,0.3684210526315789
SCOTIAC1,2023-09,-0.04761901308445493,0.5761513446118788,0.3,0.048492099999999996,20,0.29524340749578376,0.45454545454545453
SCOTIAC1,2023-10,-0.18124998889497046,1.1191956553720797,0.18181818181818182,0.1331717,22,0.5761513446118788,0.3
SCOTIAC1,2023-11,0.0,0.0,0.1,0.012010100000000001,20,1.1191956553720797,0.18181818181818182
SCOTIAC1,2023-12,-0.0877863206783327,0.31785471978016266,0.5789473684210527,2.22691152,19,0.0,0.1
SCOTIAC1,2024-01,0.029288710512805016,0.0,0.19047619047619047,0.0153858,21,0.31785471978016266,0.5789473684210527
SCOTIAC1,2024-02,0.0,0.0,0.15,0.045707000000000005,20,0.0,0.19047619047619047
SCOTIAC1,2024-03,0.048780452907339455,0.4060605479730101,0.3684210526315789,0.4914577,19,0.0,0.15
SCOTIAC1,2024-04,-0.05968993948290513,0.9788302266931471,0.2727272727272727,0.0708045,22,0.4060605479730101,0.3684210526315789
SCOTIAC1,2024-05,0.0023128806044023786,0.8642270169178182,0.19047619047619047,0.03622401000000001,21,0.9788302266931471,0.2727272727272727
SCOTIAC1,2024-06,-0.0308371726512221,0.6403489619456612,0.6111111111111112,0.39507047,18,0.8642270169178182,0.19047619047619047
SCOTIAC1,2024-07,-0.09090908568684997,0.8805418748065844,0.35,0.15016132000000001,20,0.6403489619456612,0.6111111111111112
SCOTIAC1,2024-08,0.0,0.0,0.15,0.03009,20,0.8805418748065844,0.35
SCOTIAC1,2024-09,-0.0989999627816125,0.7046739856508673,0.25,0.0615016,20,0.0,0.15
SCOTIAC1,2024-10,0.14317418046669617,1.4215316239886828,0.18181818181818182,0.05146911,22,0.7046739856508673,0.25
SCOTIAC1,2024-11,0.0,0.0,0.15789473684210525,0.0121438,19,1.4215316239886828,0.18181818181818182
SCOTIAC1,2024-12,0.0,0.0,0.21052631578947367,0.01605915,19,0.0,0.15789473684210525
SCOTIAC1,2025-01,0.06796118053461209,1.529346282217068,0.35,0.2117937,20,0.0,0.21052631578947367
SCOTIAC1,2025-02,-0.04545457156574917,0.8642270169178182,0.21052631578947367,0.02069,19,1.529346282217068,0.35
SCOTIAC1,2025-03,0.0,1.1652026535341402,0.23809523809523808,0.255347,21,0.8642270169178182,0.21052631578947367
SCOTIAC1,2025-04,0.20406858462280275,0.6913816135342545,0.25,0.02221295,20,1.1652026535341402,0.23809523809523808
SCOTIAC1,2025-05,0.08703217503217542,0.7536842667358561,0.45,0.7601670300000001,20,0.6913816135342545,0.25
SCOTIAC1,2025-06,-0.11929550268544842,0.8724790424274093,0.3,0.20963404000000002,20,0.7536842667358561,0.45
SCOTIAC1,2025-07,0.013636480864916312,0.4882451821998189,0.3157894736842105,0.17515013000000001,19,0.8724790424274093,0.3
SCOTIAC1,2025-08,0.0645739206339282,0.5633421017781448,0.5,0.13907257,20,0.4882451821998189,0.3157894736842105
SCOTIAC1,2025-09,0.0,0.46635769982697145,0.42857142857142855,0.12320650000000001,21,0.5633421017781448,0.5
SCOTIAC1,2025-10,0.16366898974089783,0.9075486680712846,0.18181818181818182,0.0564553,22,0.46635769982697145,0.42857142857142855
SCOTIAC1,2025-11,-0.09920640761058419,1.449582972165193,0.10526315789473684,0.05900355,19,0.9075486680712846,0.18181818181818182
SCOTIAC1,2025-12,0.09162999441619912,0.5923884214264252,0.3157894736842105,0.06179311,19,1.449582972165193,0.10526315789473684
SIDERC1,2018-01,-0.00203996028574982,0.3763617610189477,0.9523809523809523,1.36287746,21,,
SIDERC1,2018-02,-0.061350288232407624,0.7826573969267577,0.6111111111111112,0.8001550049999999,18,0.3763617610189477,0.9523809523809523
SIDERC1,2018-03,0.11111068880455477,0.33180543169015114,0.75,1.228141081,20,0.7826573969267577,0.6111111111111112
SIDERC1,2018-04,0.2549019307783098,0.2001854328930119,0.95,4.556543151,20,0.33180543169015114,0.75
SIDERC1,2018-05,0.1875005066150477,0.07571666500622665,0.9523809523809523,6.764382359999998,21,0.2001854328930119,0.95
SIDERC1,2018-06,-0.07894715540760366,0.12329216704420223,1.0,4.22518316,20,0.07571666500622665,0.9523809523809523
SIDERC1,2018-07,0.01428509310672088,0.30861994835340173,1.0,3.1058936800000003,21,0.12329216704420223,1.0
SIDERC1,2018-08,-0.15492933703581213,0.40372511737094274,0.9047619047619048,1.63625841,21,0.30861994835340173,1.0
SIDERC1,2018-09,-0.08333371590976202,0.6750438411265474,1.0,2.13659573,19,0.40372511737094274,0.9047619047619048
SIDERC1,2018-10,-0.07272716952644709,1.0372036249046919,0.9090909090909091,0.815408735,22,0.6750438411265474,1.0
SIDERC1,2018-11,0.07843125252500482,0.6681404324271265,0.9,1.13755701,20,1.0372036249046919,0.9090909090909091
SIDERC1,2018-12,-2.220446049250313e-16,0.4373618581352174,0.8333333333333334,1.14971212,18,0.6681404324271265,0.9
SIDERC1,2019-01,0.12727321444132866,0.24143324069480593,0.9523809523809523,1.1661380899999998,21,0.4373618581352174,0.8333333333333334
SIDERC1,2019-02,0.1290326115794631,0.26641015841296845,1.0,2.02339811,19,0.24143324069480593,0.9523809523809523
SIDERC1,2019-03,0.25714315321007053,0.08563887983143845,1.0,6.018591229999999,21,0.26641015841296845,1.0
SIDERC1,2019-04,0.05069642608778868,0.11303843505306503,1.0,6.68504852,20,0.08563887983143845,1.0
SIDERC1,2019-05,-0.18045116851202692,0.3583206531821327,1.0,4.677994840000001,21,0.11303843505306503,1.0
SIDERC1,2019-06,0.05970151876063201,0.18309004898967812,1.0,2.2530867900000002,20,0.3583206531821327,1.0
SIDERC1,2019-07,-0.09859169021186698,0.29599683463277404,1.0,1.3719289899999998,21,0.18309004898967812,1.0
SIDERC1,2019-08,-0.1718749554044139,0.28957475271054023,0.9523809523809523,2.09896825,21,0.29599683463277404,1.0
SIDERC1,2019-09,0.07547120101066107,0.4030239242866277,0.85,0.6720346500000001,20,0.28957475271054023,0.9523809523809523
SIDERC1,2019-10,0.1929839803671889,0.3806676202659713,0.9545454545454546,8.055836289999998,22,0.4030239242866277,0.85
SIDERC1,2019-11,0.02941166638650361,0.37838663120113036,0.9473684210526315,1.29458396,19,0.3806676202659713,0.9545454545454546
SIDERC1,2019-12,0.24285635421525686,0.1455399613606716,0.9,4.089250550000001,20,0.37838663120113036,0.9473684210526315
SIDERC1,2020-01,-0.011235379052084826,0.10455233920030418,1.0,3.3316293900000002,21,0.1455399613606716,0.9
SIDERC1,2020-02,-0.022727201439904254,0.16955556081474,1.0,2.70294534,19,0.10455233920030418,1.0
SIDERC1,2020-03,-0.11994385862099421,0.67650409561955,0.8181818181818182,1.368469,22,0.16955556081474,1.0
SIDERC1,2020-04,2.220446049250313e-16,1.0696824275175927,0.65,0.42291942,20,0.67650409561955,0.8181818181818182
SIDERC1,2020-05,0.057142489375349825,0.46283215142914513,0.9473684210526315,0.7940243,19,1.0696824275175927,0.65
SIDERC1,2020-06,0.09459462750294811,0.7928531870353891,0.8095238095238095,0.5004402699999999,21,0.46283215142914513,0.9473684210526315
SIDERC1,2020-07,-0.012346159671905999,0.2517935616364757,0.7619047619047619,0.36724759999999995,21,0.7928531870353891,0.8095238095238095
SIDERC1,2020-08,0.41713263741193884,0.19615913727643935,0.9523809523809523,6.300465699999999,21,0.2517935616364757,0.7619047619047619
SIDERC1,2020-09,-0.11842100121579324,0.13238472874321708,1.0,1.7020131200000002,21,0.19615913727643935,0.9523809523809523
SIDERC1,2020-10,0.04477659819830082,0.25704782643184354,0.9545454545454546,1.2103778200000002,22,0.13238472874321708,1.0
SIDERC1,2020-11,0.20000005752589378,0.4422343799595473,1.0,1.23719356,20,0.25704782643184354,0.9545454545454546
SIDERC1,2020-12,0.011904263974807261,0.37863264893895665,0.85,1.45307101,20,0.4422343799595473,1.0
SIDERC1,2021-01,0.047058773368403806,0.3204287247379551,1.0,2.02970588,19,0.37863264893895665,0.85
SIDERC1,2021-02,0.1348316627520223,0.2101050182903878,1.0,2.29425057,19,0.3204287247379551,1.0
SIDERC1,2021-03,0.07920832442085146,0.16578695778494654,0.8695652173913043,1.9313302300000001,23,0.2101050182903878,1.0
SIDERC1,2021-04,-0.000777747391968675,0.3395363040156301,0.95,4.50604226,20,0.16578695778494654,0.8695652173913043
SIDERC1,2021-05,0.051020694884796214,0.1982461365272805,1.0,3.2195335,20,0.3395363040156301,0.95
SIDERC1,2021-06,0.0,0.4008510134853617,0.9523809523809523,3.02086963,21,0.1982461365272805,1.0
SIDERC1,2021-07,-0.0776696322529381,0.39459016450393986,0.8947368421052632,0.6855913299999999,19,0.4008510134853617,0.9523809523809523
SIDERC1,2021-08,-0.0788633360583999,0.5478628734473723,1.0,1.87395842,21,0.39459016450393986,0.8947368421052632
SIDERC1,2021-09,0.07207192846074473,0.04509801058006232,1.0,1.77991726,21,0.5478628734473723,1.0
SIDERC1,2021-10,0.21848742335600635,0.18466562457824237,1.0,3.3064783799999997,20,0.04509801058006232,1.0
SIDERC1,2021-11,0.13793093338309692,0.2681184945861248,1.0,4.74920792,20,0.18466562457824237,1.0
SIDERC1,2021-12,0.02332848578100899,0.14262694930587,1.0,2.0153605299999997,20,0.2681184945861248,1.0
SIDERC1,2022-01,0.031250065921446746,0.357322005881408,1.0,1.6886462200000003,20,0.14262694930587,1.0
SIDERC1,2022-02,-0.036363565578780954,0.3064951582369628,1.0,1.7697080799999998,19,0.357322005881408,1.0
SIDERC1,2022-03,0.1761004558030459,0.19454345863833156,0.9565217391304348,3.85821495,23,0.3064951582369628,1.0
SIDERC1,2022-04,-0.04284659620538356,0.160491689276795,1.0,4.937823229999999,19,0.19454345863833156,0.9565217391304348
SIDERC1,2022-05,-0.033557077190322415,0.5556149988878997,0.9523809523809523,0.9174317700000001,21,0.160491689276795,1.0
SIDERC1,2022-06,-0.0624998190437932,0.3150128474872884,0.9,1.2308185699999998,20,0.5556149988878997,0.9523809523809523
SIDERC1,2022-07,0.11111099175580064,0.6265827145807411,1.0,0.6964822400000001,18,0.3150128474872884,0.9
SIDERC1,2022-08,0.053333523466363664,0.5652812232329799,0.9545454545454546,0.7432769400000001,22,0.6265827145807411,1.0
SIDERC1,2022-09,-0.0696204601113456,0.17267266058238231,1.0,0.8148897199999998,21,0.5652812232329799,0.9545454545454546
SIDERC1,2022-10,0.12925164279840584,0.4122180839825106,0.9523809523809523,1.34424047,21,0.17267266058238231,1.0
SIDERC1,2022-11,-0.042773274639412384,0.37426052448222,1.0,1.59202868,20,0.4122180839825106,0.9523809523809523
SIDERC1,2022-12,0.05128198985496635,0.327189540523712,1.0,2.6678881100000003,19,0.37426052448222,1.0
SIDERC1,2023-01,-1.1102230246251565e-16,0.19092086119559745,0.95,1.24072528,20,0.327189540523712,1.0
SIDERC1,2023-02,-0.024390161855225356,0.3232652425710691,1.0,0.6944122300000001,19,0.19092086119559745,0.95
SIDERC1,2023-03,-0.04999993882520626,0.24969275266910976,0.9565217391304348,1.43543183,23,0.3232652425710691,1.0
SIDERC1,2023-04,-0.02156730397723905,0.21696381532948086,1.0,0.6689455900000001,18,0.24969275266910976,0.9565217391304348
SIDERC1,2023-05,-0.08783780428404464,0.457509119935763,0.9047619047619048,0.7419990299999999,21,0.21696381532948086,1.0
SIDERC1,2023-06,-0.11111120585561218,0.17302610212974112,1.0,0.7669106900000002,19,0.457509119935763,0.9047619047619048
SIDERC1,2023-07,0.049999944656451856,0.26788122026240235,0.9473684210526315,0.5596678,19,0.17302610212974112,1.0
SIDERC1,2023-08,-0.015872882011060963,0.5724482607981631,1.0,0.8441501800000001,22,0.26788122026240235,0.9473684210526315
SIDERC1,2023-09,-0.1129033294676165,0.4113467453048085,0.95,0.30984051,20,0.5724482607981631,1.0
SIDERC1,2023-10,-0.09999995975014475,0.5628310487204307,0.9090909090909091,0.2976291199999999,22,0.4113467453048085,0.95
SIDERC1,2023-11,0.296919947066971,0.7377493495298076,1.0,0.99955735,20,0.5628310487204307,0.9090909090909091
SIDERC1,2023-12,-0.12698414231003086,0.5910307276304078,0.8947368421052632,0.5151256900000001,19,0.7377493495298076,1.0
SIDERC1,2024-01,0.22727294631283224,0.5366077279245087,0.9523809523809523,0.7709932600000001,21,0.5910307276304078,0.8947368421052632
SIDERC1,2024-02,0.088888788759665,0.2926138438730831,0.85,0.6119391,20,0.5366077279245087,0.9523809523809523
SIDERC1,2024-03,-0.013605546330456297,0.5865381094542759,1.0,0.37377227999999996,19,0.2926138438730831,0.85
SIDERC1,2024-04,-0.1241377557921477,0.6067874554415822,0.9090909090909091,0.30836113,22,0.5865381094542759,1.0
SIDERC1,2024-05,0.06299212329041315,0.6018340292786553,1.0,1.0215544,21,0.6067874554415822,0.9090909090909091
SIDERC1,2024-06,0.03703702750091997,0.369932590951587,1.0,0.56213338,18,0.6018340292786553,1.0
SIDERC1,2024-07,0.04285715704454951,0.6132559478186432,1.0,1.25526424,20,0.369932590951587,1.0
SIDERC1,2024-08,0.006849218044234551,0.7451473613708792,0.85,0.7778542699999998,20,0.6132559478186432,1.0
SIDERC1,2024-09,-0.013605546330456297,0.17212474759296806,0.95,0.3735658700000001,20,0.7451473613708792,0.85
SIDERC1,2024-10,-0.019739662343606468,0.2551156509844822,0.9545454545454546,0.84135894,22,0.17212474759296806,0.95
SIDERC1,2024-11,0.3409282655021082,0.1730067867983629,1.0,2.421649660000001,19,0.2551156509844822,0.9545454545454546
SIDERC1,2024-12,0.011904861774229891,0.35432087085406466,1.0,0.7045653999999999,19,0.1730067867983629,1.0
SIDERC1,2025-01,-0.05294111975278959,0.23566884650133552,0.95,0.6543001599999999,20,0.35432087085406466,1.0
SIDERC1,2025-02,-0.006211278819899579,0.26337011460954135,0.9473684210526315,0.8469473499999999,19,0.23566884650133552,0.95
SIDERC1,2025-03,0.13749999640958444,0.3043024328172031,1.0,2.1902147000000003,21,0.26337011460954135,0.9473684210526315
SIDERC1,2025-04,0.04081447820596118,0.2802781992196452,1.0,2.97750099,20,0.3043024328172031,1.0
SIDERC1,2025-05,0.011764679242743936,0.42500235652901014,1.0,1.17914488,20,0.2802781992196452,1.0
SIDERC1,2025-06,-0.040697663265595985,0.5604445158728584,1.0,0.90950303,20,0.42500235652901014,1.0
SIDERC1,2025-07,0.030303045452277022,0.2988265081626726,1.0,0.62665312,19,0.5604445158728584,1.0
SIDERC1,2025-08,0.10873772227994571,0.2664945226034827,1.0,1.11697098,20,0.2988265081626726,1.0
SIDERC1,2025-09,0.0,0.2494334112068775,0.9047619047619048,0.47840929,21,0.2664945226034827,1.0
SIDERC1,2025-10,-0.06249998632393394,0.23167014118423646,1.0,1.17185534,22,0.2494334112068775,0.9047619047619048
SIDERC1,2025-11,0.1090909402115563,0.8903822952539746,1.0,1.1202458299999998,19,0.23167014118423646,1.0
SIDERC1,2025-12,0.22950823237080242,0.5064547927278784,1.0,2.37001202,19,0.8903822952539746,1.0
UNACEMC1,2018-01,0.01666700746390881,0.16053741598491,0.9523809523809523,60.073542249999996,21,,
UNACEMC1,2018-02,-0.01543433418285145,0.20392244874411108,0.9444444444444444,3.7379288299999995,18,0.16053741598491,0.9523809523809523
UNACEMC1,2018-03,-0.013378147525415884,0.1288338486627872,0.85,3.8484673299999996,20,0.20392244874411108,0.9444444444444444
UNACEMC1,2018-04,-0.010169178387404276,0.12079231498257222,1.0,8.661626720000001,20,0.1288338486627872,0.85
UNACEMC1,2018-05,0.004411203567487698,0.1624140516569411,0.8571428571428571,5.606769549999999,21,0.12079231498257222,1.0
UNACEMC1,2018-06,-0.02397261253657501,0.1040892447605633,0.95,6.918533880000001,20,0.1624140516569411,0.8571428571428571
UNACEMC1,2018-07,4.440892098500626e-16,0.09446571270630111,0.8571428571428571,4.42574356,21,0.1040892447605633,0.95
UNACEMC1,2018-08,-0.1186706887011002,0.2507981756501915,0.9047619047619048,15.914539790000001,21,0.09446571270630111,0.8571428571428571
UNACEMC1,2018-09,-0.07999992550672363,0.05240118304743449,0.631578947368421,3.29765281,19,0.2507981756501915,0.9047619047619048
UNACEMC1,2018-10,-0.08260887230462532,0.17164947588763074,0.9090909090909091,3.40072337,22,0.05240118304743449,0.631578947368421
UNACEMC1,2018-11,0.14439283733452624,0.16663172176964158,0.95,5.108765729999999,20,0.17164947588763074,0.9090909090909091
UNACEMC1,2018-12,0.08333323003988413,0.046215322123677106,0.8333333333333334,16.96071518,18,0.16663172176964158,0.95
UNACEMC1,2019-01,4.440892098500626e-16,0.11145077793884933,0.6190476190476191,5.80353659,21,0.046215322123677106,0.8333333333333334
UNACEMC1,2019-02,0.02416189752818476,0.09745396949756295,0.8421052631578947,4.38467267,19,0.11145077793884933,0.6190476190476191
UNACEMC1,2019-03,0.030188637790157236,0.022815087718116828,0.8571428571428571,15.96789907,21,0.09745396949756295,0.8421052631578947
UNACEMC1,2019-04,-0.08424902466432249,0.02945746593221059,0.75,8.08675219,20,0.022815087718116828,0.8571428571428571
UNACEMC1,2019-05,-0.002708159676420352,0.1587770226187067,0.7142857142857143,9.461869040000002,21,0.02945746593221059,0.75
UNACEMC1,2019-06,-0.016129151426369726,0.051084710160481786,0.75,51.50752209000001,20,0.1587770226187067,0.7142857142857143
UNACEMC1,2019-07,-0.03278706441128709,0.088185043524634,0.9047619047619048,62.50404918000001,21,0.051084710160481786,0.75
UNACEMC1,2019-08,-0.011261510135297192,0.0920173606038775,0.8095238095238095,55.27335902,21,0.088185043524634,0.9047619047619048
UNACEMC1,2019-09,-0.0818965792249936,0.10649214425259272,0.65,2.61666106,20,0.0920173606038775,0.8095238095238095
UNACEMC1,2019-10,-0.014084600617741305,0.14101401532299765,1.0,70.71380128,22,0.10649214425259272,0.65
UNACEMC1,2019-11,-0.04154096983949984,0.14212470310604297,0.9473684210526315,15.171601889999998,19,0.14101401532299765,1.0
UNACEMC1,2019-12,2.220446049250313e-16,0.12042909123944816,0.95,4.19114938,20,0.14212470310604297,0.9473684210526315
UNACEMC1,2020-01,-0.04999986261576039,0.011499007681293945,0.9523809523809523,20.53512807,21,0.12042909123944816,0.95
UNACEMC1,2020-02,0.04372952475353187,0.03074405914917356,0.9473684210526315,16.98759625,19,0.011499007681293945,0.9523809523809523
UNACEMC1,2020-03,-0.31472094540168927,0.15142846643194974,0.8181818181818182,12.27066569,22,0.03074405914917356,0.9473684210526315
UNACEMC1,2020-04,-0.14814772747140226,0.07773364172647616,0.9,5.42216963,20,0.15142846643194974,0.8181818181818182
UNACEMC1,2020-05,0.21739136505175227,0.08244884387068314,1.0,50.57992693,19,0.07773364172647616,0.9
UNACEMC1,2020-06,0.1428570609378188,0.09584407822144228,1.0,29.188350500000002,21,0.08244884387068314,1.0
UNACEMC1,2020-07,-0.031250159934691046,0.11417724817217247,1.0,7.1940649500000005,21,0.09584407822144228,1.0
UNACEMC1,2020-08,-0.06451595192962745,0.12883655097384464,1.0,6.02181564,21,0.11417724817217247,1.0
UNACEMC1,2020-09,-0.013793151559564176,0.14085342417195904,0.9047619047619048,3.7166364499999998,21,0.12883655097384464,1.0
UNACEMC1,2020-10,-0.09090935630064467,0.11639735605012758,0.9090909090909091,5.495213130000001,22,0.14085342417195904,0.9047619047619048
UNACEMC1,2020-11,0.13846169807340591,0.21095776451086196,0.95,11.725226150000001,20,0.11639735605012758,0.9090909090909091
UNACEMC1,2020-12,0.047297309025705614,0.01392224806561563,0.9,10.281478380000001,20,0.21095776451086196,0.95
UNACEMC1,2021-01,0.12903242180091,0.07373555548776,1.0,27.58525314,19,0.01392224806561563,0.9
UNACEMC1,2021-02,0.05142843196910141,0.04829151228968948,1.0,15.663429019999999,19,0.07373555548776,1.0
UNACEMC1,2021-03,-0.06013689299089642,0.08784448045831633,1.0,6.964488520000001,23,0.04829151228968948,1.0
UNACEMC1,2021-04,-0.11046543368057427,0.07005122965846441,1.0,13.447403370000002,20,0.08784448045831633,1.0
UNACEMC1,2021-05,0.015161748664337393,0.0928382614974594,1.0,13.716695060000001,20,0.07005122965846441,1.0
UNACEMC1,2021-06,-0.12987026740363983,0.0768783387541777,1.0,16.51063589,21,0.0928382614974594,1.0
UNACEMC1,2021-07,-0.07532635767605467,0.08670312991780119,1.0,12.324915660000002,19,0.0768783387541777,1.0
UNACEMC1,2021-08,0.14754084115453603,0.15959909804917846,1.0,11.902820890000001,21,0.08670312991780119,1.0
UNACEMC1,2021-09,0.04285757078999719,0.023481947303784983,1.0,9.11268152,21,0.15959909804917846,1.0
UNACEMC1,2021-10,0.17123229160771447,0.03109437235275942,1.0,14.355256959999998,20,0.023481947303784983,1.0
UNACEMC1,2021-11,0.12449823289178119,0.023111118612310223,1.0,29.02772248,20,0.03109437235275942,1.0
UNACEMC1,2021-12,0.2578946139473173,0.007485962045308885,1.0,124.6119123,20,0.023111118612310223,1.0
UNACEMC1,2022-01,0.05084703661384138,0.12628902471443287,1.0,13.27298291,20,0.007485962045308885,1.0
UNACEMC1,2022-02,-0.04924885635780696,0.26508954299998033,0.9473684210526315,9.41296993,19,0.12628902471443287,1.0
UNACEMC1,2022-03,-0.0769231461085893,0.045522572189025265,1.0,22.262705549999996,23,0.26508954299998033,0.9473684210526315
UNACEMC1,2022-04,-0.07407404571960341,0.07556462139241452,1.0,16.95529562,19,0.045522572189025265,1.0
UNACEMC1,2022-05,-0.19527943498077938,0.08942845118120489,0.9523809523809523,10.58699863,21,0.07556462139241452,1.0
UNACEMC1,2022-06,-0.044303695195523685,0.2762245060032048,1.0,7.02905881,20,0.08942845118120489,0.9523809523809523
UNACEMC1,2022-07,0.13245006704640105,0.4004289854528386,0.8888888888888888,0.88339538,18,0.2762245060032048,1.0
UNACEMC1,2022-08,-0.02412290694880581,0.5686181302069546,0.9090909090909091,3.54927037,22,0.4004289854528386,0.8888888888888888
UNACEMC1,2022-09,0.018182072239051994,0.1883498075398155,0.8571428571428571,52.405863350000004,21,0.5686181302069546,0.9090909090909091
UNACEMC1,2022-10,0.011904896328444936,0.20580222329893005,0.9523809523809523,20.639884899999995,21,0.1883498075398155,0.8571428571428571
UNACEMC1,2022-11,0.017377772036269556,0.17801515608420343,1.0,9.61859747,20,0.20580222329893005,0.9523809523809523
UNACEMC1,2022-12,0.05263181873674472,0.1168594101963441,0.9473684210526315,16.187359779999998,19,0.17801515608420343,1.0
UNACEMC1,2023-01,0.0,0.07450989767688447,0.85,3.85788831,20,0.1168594101963441,0.9473684210526315
UNACEMC1,2023-02,-0.15725045979080654,0.12105471106782102,0.7894736842105263,12.914185779999999,19,0.07450989767688447,0.85
UNACEMC1,2023-03,0.02666652590756846,0.10429944288394206,1.0,3.74540843,23,0.12105471106782102,0.7894736842105263
UNACEMC1,2023-04,0.006493403630136729,0.33759143422719945,0.9444444444444444,3.3618076500000003,18,0.10429944288394206,1.0
UNACEMC1,2023-05,0.031786222343960446,0.48155371439289774,1.0,0.8732948299999999,21,0.33759143422719945,0.9444444444444444
UNACEMC1,2023-06,0.018987533730291606,0.08901412063195266,1.0,2.05417553,20,0.48155371439289774,1.0
UNACEMC1,2023-07,0.024844383379125423,0.05699350683639464,0.9473684210526315,5.90640849,19,0.08901412063195266,1.0
UNACEMC1,2023-08,0.02493297758886759,0.3114606480047114,1.0,46.75058739,22,0.05699350683639464,0.9473684210526315
UNACEMC1,2023-09,-0.04790415169259088,0.2769017660750979,0.95,14.78998914,20,0.3114606480047114,1.0
UNACEMC1,2023-10,-0.06918232937829727,0.07701045546257845,0.9545454545454546,16.3249667,22,0.2769017660750979,0.95
UNACEMC1,2023-11,0.00694295154388036,0.27987775402358867,0.95,7.1239810199999996,20,0.07701045546257845,0.9545454545454546
UNACEMC1,2023-12,0.03401357049938181,0.19236634460041763,1.0,6.328851300000001,19,0.27987775402358867,0.95
UNACEMC1,2024-01,0.0394738256333198,0.12304642818034942,1.0,2.5214893,21,0.19236634460041763,1.0
UNACEMC1,2024-02,0.18516503945308327,0.13862371244395202,1.0,15.28635938,20,0.12304642818034942,1.0
UNACEMC1,2024-03,-0.07567551834535324,0.07818310466574634,1.0,4.2076045099999995,19,0.13862371244395202,1.0
UNACEMC1,2024-04,-0.11111117280252536,0.027435941404056276,1.0,102.91874356,22,0.07818310466574634,1.0
UNACEMC1,2024-05,0.07279021065320435,0.16964818730730236,1.0,74.08856464,21,0.027435941404056276,1.0
UNACEMC1,2024-06,0.00621096262226728,0.09691614660693405,1.0,1.3235562000000003,18,0.16964818730730236,1.0
UNACEMC1,2024-07,-0.012345497355032431,0.1123902229054838,1.0,1.78637345,20,0.09691614660693405,1.0
UNACEMC1,2024-08,-0.08182567503346616,0.0773996552889466,1.0,73.74719748000001,20,0.1123902229054838,1.0
UNACEMC1,2024-09,0.05517229811863,0.07305213451564849,1.0,72.85699832,20,0.0773996552889466,1.0
UNACEMC1,2024-10,0.02614399807315504,0.15393652733897242,1.0,18.897539940000005,22,0.07305213451564849,1.0
UNACEMC1,2024-11,0.025806325600786106,0.029046272684656708,1.0,3.35366737,19,0.15393652733897242,1.0
UNACEMC1,2024-12,2.220446049250313e-16,0.08754744140871025,1.0,3.42830725,19,0.029046272684656708,1.0
UNACEMC1,2025-01,-0.03225807809502235,0.21362499607734145,1.0,27.921510670000004,20,0.08754744140871025,1.0
UNACEMC1,2025-02,0.019740222908423588,0.21280508703020895,1.0,41.498252050000005,19,0.21362499607734145,1.0
UNACEMC1,2025-03,0.02649003571646147,0.08326234670367871,1.0,3.2115979600000006,21,0.21280508703020895,1.0
UNACEMC1,2025-04,-0.006451564109732022,0.08527620237379163,1.0,17.83040193,20,0.08326234670367871,1.0
UNACEMC1,2025-05,0.02605781232054527,0.24297235665957467,1.0,24.82476282,20,0.08527620237379163,1.0
UNACEMC1,2025-06,-0.019230792747624403,0.18629394219983492,1.0,30.69570096,20,0.24297235665957467,1.0
UNACEMC1,2025-07,0.03267972389321483,0.10845174204945837,1.0,2.56559522,19,0.18629394219983492,1.0
UNACEMC1,2025-08,0.03871929297401944,0.11952124501815123,1.0,12.70155364,20,0.10845174204945837,1.0
UNACEMC1,2025-09,-0.006172834244323799,0.05984730428696864,1.0,9.34877621,21,0.11952124501815123,1.0
UNACEMC1,2025-10,-0.018633524390422096,0.018939964293927886,1.0,8.481965179999998,22,0.05984730428696864,1.0
UNACEMC1,2025-11,0.03821349062996848,0.2071114975190931,1.0,30.620550970000004,19,0.018939964293927886,1.0
UNACEMC1,2025-12,0.06790127472255048,0.08012393684182177,1.0,32.30085773,19,0.2071114975190931,1.0
VOLCABC1,2018-01,0.00735287167208476,0.004949484990091045,1.0,147.75562262,21,,
VOLCABC1,2018-02,-0.10218979588367993,0.007831107695428437,1.0,65.40165105,18,0.004949484990091045,1.0
VOLCABC1,2018-03,-0.02439021263886665,0.017654736549072673,1.0,58.3754951,20,0.007831107695428437,1.0
VOLCABC1,2018-04,-0.025000068219213967,0.014113598296691805,1.0,36.10714949,20,0.017654736549072673,1.0
VOLCABC1,2018-05,-0.15384606613644014,0.01491198839507302,1.0,39.444377749999994,21,0.014113598296691805,1.0
VOLCABC1,2018-06,-0.1818181818181812,0.017554899057190425,1.0,36.75737613,20,0.01491198839507302,1.0
VOLCABC1,2018-07,0.0,0.050666860946118664,1.0,18.325399549999997,21,0.017554899057190425,1.0
VOLCABC1,2018-08,-0.007761306347197183,0.03880487732320472,1.0,19.3421296,21,0.050666860946118664,1.0
VOLCABC1,2018-09,-0.025316506313829423,0.04441653333240405,1.0,63.784888630000005,19,0.03880487732320472,1.0
VOLCABC1,2018-10,-0.1948051686672153,0.04824186053279623,1.0,19.791476600000006,22,0.04441653333240405,1.0
VOLCABC1,2018-11,0.20967741005130436,0.06735052002438893,1.0,19.595678510000003,20,0.04824186053279623,1.0
VOLCABC1,2018-12,-0.05333336194356253,0.053555216792862056,1.0,8.407538220000001,18,0.06735052002438893,1.0
VOLCABC1,2019-01,0.05633806009374087,0.042916730482445785,1.0,19.21292608,21,0.053555216792862056,1.0
VOLCABC1,2019-02,-0.0933333237965901,0.019317263159044137,1.0,17.25941486,19,0.042916730482445785,1.0
VOLCABC1,2019-03,-0.08823529669570207,0.02109628286519082,1.0,66.46492198,21,0.019317263159044137,1.0
VOLCABC1,2019-04,-0.11290321340173881,0.03055138581733637,1.0,12.290106609999999,20,0.02109628286519082,1.0
VOLCABC1,2019-05,-0.1272727656955548,0.050893233776771366,1.0,27.440027506000003,21,0.03055138581733637,1.0
VOLCABC1,2019-06,0.0833333178112905,0.053338729980037324,1.0,13.474046055999999,20,0.050893233776771366,1.0
VOLCABC1,2019-07,-0.0769230636971936,0.07625342976424754,1.0,8.61682415,21,0.053338729980037324,1.0
VOLCABC1,2019-08,-0.06458331043831911,0.15534166476336364,1.0,22.856786537,21,0.07625342976424754,1.0
VOLCABC1,2019-09,0.05790644327536221,0.12815781526982964,1.0,4.555375746999999,20,0.15534166476336364,1.0
VOLCABC1,2019-10,-0.11578949019519169,0.09211629087865147,1.0,7.295058224000001,22,0.12815781526982964,1.0
VOLCABC1,2019-11,-0.18333332032438177,0.08999441169514719,1.0,4.919960425,19,0.09211629087865147,1.0
VOLCABC1,2019-12,0.31195333807737735,0.13701181451225591,1.0,7.368573294,20,0.08999441169514719,1.0
VOLCABC1,2020-01,0.08314606982369477,0.04581154080879742,1.0,30.934201214999998,21,0.13701181451225591,1.0
VOLCABC1,2020-02,-0.09128630782361691,0.06959094364990898,1.0,34.439306754,19,0.04581154080879742,1.0
VOLCABC1,2020-03,-0.29223742707701517,0.06455511735003078,1.0,46.885414262999994,22,0.06959094364990898,1.0
VOLCABC1,2020-04,-0.06774192804104295,0.08944554532709127,1.0,7.403651999,20,0.06455511735003078,1.0
VOLCABC1,2020-05,0.14878886560503823,0.06596744135223127,1.0,23.986825228999997,19,0.08944554532709127,1.0
VOLCABC1,2020-06,0.0843374337560332,0.11535868572770157,1.0,10.350849928,21,0.06596744135223127,1.0
VOLCABC1,2020-07,0.2166666004392872,0.03598866159070139,1.0,20.480841631999997,21,0.11535868572770157,1.0
VOLCABC1,2020-08,0.004566219366461732,0.019775183674011203,1.0,20.390676884,21,0.03598866159070139,1.0
VOLCABC1,2020-09,-0.10909092756342287,0.038378224997452345,1.0,12.986474303000001,21,0.019775183674011203,1.0
VOLCABC1,2020-10,-0.04081633428840126,0.06750402009699194,1.0,4.785727130000001,22,0.038378224997452345,1.0
VOLCABC1,2020-11,0.0797872399450057,0.033692122012486905,1.0,19.710378501999998,20,0.06750402009699194,1.0
VOLCABC1,2020-12,0.2807881672151107,0.01849428045027111,1.0,27.61848002,20,0.033692122012486905,1.0
VOLCABC1,2021-01,0.17307699361496676,0.027665652966741103,1.0,40.05509633,19,0.01849428045027111,1.0
VOLCABC1,2021-02,0.2622950210971122,0.010516610588159569,1.0,84.85476964,19,0.027665652966741103,1.0
VOLCABC1,2021-03,0.09090908387194352,0.009683762682871373,1.0,71.0481054,23,0.010516610588159569,1.0
VOLCABC1,2021-04,-0.10714282926653385,0.01858664785487311,1.0,85.57197458999998,20,0.009683762682871373,1.0
VOLCABC1,2021-05,-0.0399999618530269,0.036253397033734,1.0,28.19409187,20,0.01858664785487311,1.0
VOLCABC1,2021-06,-0.2777778329672609,0.058782614884515375,1.0,26.629793257999996,21,0.036253397033734,1.0
VOLCABC1,2021-07,-0.23461535287326518,0.07191563919190029,1.0,13.205216811000001,19,0.058782614884515375,1.0
VOLCABC1,2021-08,0.23115579695603006,0.13937514224248748,1.0,21.093725316,21,0.07191563919190029,1.0
VOLCABC1,2021-09,0.22448982074329193,0.1018005964183123,1.0,51.07788437400001,21,0.13937514224248748,1.0
VOLCABC1,2021-10,0.18333325054910787,0.023429932927270282,1.0,28.58775707,20,0.1018005964183123,1.0
VOLCABC1,2021-11,-0.18309859036689846,0.020329790877376668,1.0,40.92598335,20,0.023429932927270282,1.0
VOLCABC1,2021-12,0.05172419285802765,0.027351822717634457,1.0,30.33690735,20,0.020329790877376668,1.0
VOLCABC1,2022-01,0.1666666004392856,0.020749810503719844,1.0,37.450865439999994,20,0.027351822717634457,1.0
VOLCABC1,2022-02,0.07142858967489096,0.015858420011331243,1.0,39.73162149,19,0.020749810503719844,1.0
VOLCABC1,2022-03,0.16000000635782863,0.008945825232450733,1.0,71.9635614,23,0.015858420011331243,1.0
VOLCABC1,2022-04,-0.011494241848790665,0.007416094111930595,1.0,56.43093320999999,19,0.008945825232450733,1.0
VOLCABC1,2022-05,-0.30232556527727295,0.058102380778697234,1.0,32.93231803,21,0.007416094111930595,1.0
VOLCABC1,2022-06,-0.1666666997803561,0.2665360881591965,1.0,18.322142040000006,20,0.058102380778697234,1.0
VOLCABC1,2022-07,0.15999996662140004,0.19875348157855965,1.0,4.333405318,18,0.2665360881591965,1.0
VOLCABC1,2022-08,-0.06896545345519389,0.11693262606895218,1.0,10.894273380000001,22,0.19875348157855965,1.0
VOLCABC1,2022-09,0.018518500122024273,0.09535630696018071,1.0,45.70925175,21,0.11693262606895218,1.0
VOLCABC1,2022-10,-0.09272726898350947,0.1105978360913945,1.0,11.794028915,21,0.09535630696018071,1.0
VOLCABC1,2022-11,-0.018036078368041775,0.0653507308436401,1.0,9.04154239,20,0.1105978360913945,1.0
VOLCABC1,2022-12,0.040816286810732905,0.23325176031776762,1.0,8.277328603,19,0.0653507308436401,1.0
VOLCABC1,2023-01,-0.019607824804414586,0.03143116034487898,1.0,10.51810572,20,0.23325176031776762,1.0
VOLCABC1,2023-02,-0.0400000214576719,0.11158807569695921,1.0,7.2807452249999995,19,0.03143116034487898,1.0
VOLCABC1,2023-03,-0.0395833213037492,0.0803756876956674,1.0,4.91143366,23,0.11158807569695921,1.0
VOLCABC1,2023-04,-0.0650759251342381,0.0844741471811316,1.0,37.16174887,18,0.0803756876956674,1.0
VOLCABC1,2023-05,-0.129930382880328,0.056822109433780715,1.0,10.857228915,21,0.0844741471811316,1.0
VOLCABC1,2023-06,0.01600003242492698,0.1072520000374602,1.0,8.819242005,19,0.056822109433780715,1.0
VOLCABC1,2023-07,0.11548555999305155,0.06880314908013195,1.0,4.648973273999999,19,0.1072520000374602,1.0
VOLCABC1,2023-08,-0.025882369605725986,0.10118132026309512,1.0,5.029427408,22,0.06880314908013195,1.0
VOLCABC1,2023-09,-0.07971012562686552,0.09312147279993364,1.0,7.849949788999999,20,0.10118132026309512,1.0
VOLCABC1,2023-10,-0.16010503245441488,0.1542483474818618,1.0,6.1281745920000015,22,0.09312147279993364,1.0
VOLCABC1,2023-11,-0.04687495634425276,0.24410273465366092,1.0,2.7042684179999994,20,0.1542483474818618,1.0
VOLCABC1,2023-12,0.02295081678881039,0.05512733363420894,1.0,38.302368378,19,0.24410273465366092,1.0
VOLCABC1,2024-01,0.07371795331026942,0.09634958807085461,1.0,7.86125053,21,0.05512733363420894,1.0
VOLCABC1,2024-02,-0.04776120066881706,0.06841332127235115,1.0,3.77287457,20,0.09634958807085461,1.0
VOLCABC1,2024-03,-0.09090913337463913,0.11477645510565333,1.0,14.216704527,19,0.06841332127235115,1.0
VOLCABC1,2024-04,-0.034482726727596336,0.03165006832162362,1.0,31.148685632000007,22,0.11477645510565333,1.0
VOLCABC1,2024-05,-0.3571428343349573,0.028660073384748953,1.0,63.884658229,21,0.03165006832162362,1.0
VOLCABC1,2024-06,0.13888883369940563,0.019541059215695378,1.0,27.663668367,18,0.028660073384748953,1.0
VOLCABC1,2024-07,-0.04878051439826436,0.0497877021897777,1.0,10.440399298,20,0.019541059215695378,1.0
VOLCABC1,2024-08,-0.08205122209394422,0.03196072892690209,1.0,13.076297713,20,0.0497877021897777,1.0
VOLCABC1,2024-09,0.0726256769310143,0.02946769350785989,1.0,13.329003182,20,0.03196072892690209,1.0
VOLCABC1,2024-10,0.14583331716453962,0.03671090816424887,1.0,23.442759239,22,0.02946769350785989,1.0
VOLCABC1,2024-11,4.440892098500626e-16,0.04848874372646156,1.0,22.097084016,19,0.03671090816424887,1.0
VOLCABC1,2024-12,-0.05909089369714693,0.058801019382645765,1.0,11.843146863,19,0.04848874372646156,1.0
VOLCABC1,2025-01,-0.09615389575090483,0.057060666642577695,1.0,4.07465104,20,0.058801019382645765,1.0
VOLCABC1,2025-02,0.037234040023569115,0.09235784019008846,1.0,3.751723267,19,0.057060666642577695,1.0
VOLCABC1,2025-03,0.07692308280124771,0.06876099395768688,1.0,10.315403071,21,0.09235784019008846,1.0
VOLCABC1,2025-04,-0.0714285764969933,0.16948933036989908,1.0,5.903430548999999,20,0.06876099395768688,1.0
VOLCABC1,2025-05,0.04102564925508001,0.04108490032404912,1.0,16.051421506,20,0.16948933036989908,1.0
VOLCABC1,2025-06,0.1822660174458106,0.03880921326263068,1.0,91.71238276900002,20,0.04108490032404912,1.0
VOLCABC1,2025-07,0.045833303065349495,0.03485048060924369,1.0,12.300025802999999,19,0.03880921326263068,1.0
VOLCABC1,2025-08,0.43027894737717065,0.021004154325680504,1.0,52.83416077999999,20,0.03485048060924369,1.0
VOLCABC1,2025-09,0.047353732234517,0.016965164557632022,1.0,48.292807945,21,0.021004154325680504,1.0
VOLCABC1,2025-10,0.4095744402592616,0.032685102967035806,1.0,38.038152143,22,0.016965164557632022,1.0
VOLCABC1,2025-11,0.037735927567532634,0.026675239218689372,1.0,113.884621307,19,0.032685102967035806,1.0
VOLCABC1,2025-12,0.3818181345285474,0.03132948290669091,1.0,67.96653693999998,19,0.026675239218689372,1.0
